"id_audit","id_source","partie","section_source","ligne_source","texte_source_resume","categorie","priorite","statut_declare_doc","doublon_de_ligne","fichiers_code_citant_l_id","tests_citant_l_id","statut_implementation_audit","statut_validation_audit","preuve","prochaine_action"
"REQ-0001","1.1.1","1","PARTIE 1 — Structure & Multi-tenant","87","Inscription email+mdp | Route POST /auth/register, hash passlib[bcrypt], table users | ✅ | ","fonctionnalité (ligne d'inventaire)","non spécifiée","FAIT","","","","NON DÉTERMINÉ (statut du document non revérifié ligne par ligne)","NON VALIDÉ (aucune liaison test trouvée par l'heuristique)","docs/CAHIER_DES_CHARGES.md:87","revérifier dans le code puis exécuter les tests liés"
"REQ-0002","1.1.2","1","PARTIE 1 — Structure & Multi-tenant","88","Connexion/Déconnexion | POST /auth/login → JWT access token ; logout = suppression cookie/refresh en DB | ✅ | ","fonctionnalité (ligne d'inventaire)","non spécifiée","FAIT","","","","NON DÉTERMINÉ (statut du document non revérifié ligne par ligne)","NON VALIDÉ (aucune liaison test trouvée par l'heuristique)","docs/CAHIER_DES_CHARGES.md:88","revérifier dans le code puis exécuter les tests liés"
"REQ-0003","1.1.3","1","PARTIE 1 — Structure & Multi-tenant","89","Reset mot de passe | Token à usage unique en DB (expire 1h), envoi via Resend/SES | ✅ | ","fonctionnalité (ligne d'inventaire)","non spécifiée","FAIT","","","","NON DÉTERMINÉ (statut du document non revérifié ligne par ligne)","NON VALIDÉ (aucune liaison test trouvée par l'heuristique)","docs/CAHIER_DES_CHARGES.md:89","revérifier dans le code puis exécuter les tests liés"
"REQ-0004","1.1.4","1","PARTIE 1 — Structure & Multi-tenant","90","Vérification email (OTP) | Code 6 chiffres généré, stocké hashé, TTL 10 min | ✅ | ","fonctionnalité (ligne d'inventaire)","non spécifiée","FAIT","","","","NON DÉTERMINÉ (statut du document non revérifié ligne par ligne)","NON VALIDÉ (aucune liaison test trouvée par l'heuristique)","docs/CAHIER_DES_CHARGES.md:90","revérifier dans le code puis exécuter les tests liés"
"REQ-0005","1.1.5","1","PARTIE 1 — Structure & Multi-tenant","91","OAuth Google | Authlib (flow Authorization Code), mapping vers users.oauth_accounts | ✅ | ","fonctionnalité (ligne d'inventaire)","non spécifiée","FAIT","","","","NON DÉTERMINÉ (statut du document non revérifié ligne par ligne)","NON VALIDÉ (aucune liaison test trouvée par l'heuristique)","docs/CAHIER_DES_CHARGES.md:91","revérifier dans le code puis exécuter les tests liés"
"REQ-0006","1.1.6","1","PARTIE 1 — Structure & Multi-tenant","92","OAuth GitHub | Même mécanisme Authlib, provider GitHub | ✅ | ","fonctionnalité (ligne d'inventaire)","non spécifiée","FAIT","","","","NON DÉTERMINÉ (statut du document non revérifié ligne par ligne)","NON VALIDÉ (aucune liaison test trouvée par l'heuristique)","docs/CAHIER_DES_CHARGES.md:92","revérifier dans le code puis exécuter les tests liés"
"REQ-0007","1.1.7","1","PARTIE 1 — Structure & Multi-tenant","93","2FA (TOTP) | pyotp, QR code d'enrôlement, vérif à chaque login si activé | ✅ (+ WebAuthn/FIDO2 ajouté en bonus) | ","fonctionnalité (ligne d'inventaire)","non spécifiée","FAIT","","","","NON DÉTERMINÉ (statut du document non revérifié ligne par ligne)","NON VALIDÉ (aucune liaison test trouvée par l'heuristique)","docs/CAHIER_DES_CHARGES.md:93","revérifier dans le code puis exécuter les tests liés"
"REQ-0008","1.1.8","1","PARTIE 1 — Structure & Multi-tenant","94","Sessions JWT + refresh | Access token 15 min + refresh token rotatif en DB | ✅ (+ rotation automatique de clé JWT ajoutée en bonus) | ","fonctionnalité (ligne d'inventaire)","non spécifiée","FAIT","","","","NON DÉTERMINÉ (statut du document non revérifié ligne par ligne)","NON VALIDÉ (aucune liaison test trouvée par l'heuristique)","docs/CAHIER_DES_CHARGES.md:94","revérifier dans le code puis exécuter les tests liés"
"REQ-0009","1.1.9","1","PARTIE 1 — Structure & Multi-tenant","95","Sessions actives (liste/révocation) | Table sessions avec device/IP/last_seen, endpoint DELETE /sessions/{id} | ✅ | ","fonctionnalité (ligne d'inventaire)","non spécifiée","FAIT","","","tests/test_auth_api.py","NON DÉTERMINÉ (statut du document non revérifié ligne par ligne)","TEST PRÉSENT MAIS NON EXÉCUTÉ (liaison heuristique)","docs/CAHIER_DES_CHARGES.md:95","revérifier dans le code puis exécuter les tests liés"
"REQ-0010","1.1.10","1","PARTIE 1 — Structure & Multi-tenant","96","Suppression de compte | Soft-delete + purge différée (job Celery à J+30) | ✅ | ","fonctionnalité (ligne d'inventaire)","non spécifiée","FAIT","","","","NON DÉTERMINÉ (statut du document non revérifié ligne par ligne)","NON VALIDÉ (aucune liaison test trouvée par l'heuristique)","docs/CAHIER_DES_CHARGES.md:96","revérifier dans le code puis exécuter les tests liés"
"REQ-0011","1.1.11","1","PARTIE 1 — Structure & Multi-tenant","97","Export RGPD (JSON) | Endpoint qui agrège toutes les tables liées à user_id | ✅ (+ export CSV ajouté en bonus) | ","fonctionnalité (ligne d'inventaire)","non spécifiée","FAIT","","","","NON DÉTERMINÉ (statut du document non revérifié ligne par ligne)","NON VALIDÉ (aucune liaison test trouvée par l'heuristique)","docs/CAHIER_DES_CHARGES.md:97","revérifier dans le code puis exécuter les tests liés"
"REQ-0012","1.1.12","1","PARTIE 1 — Structure & Multi-tenant","98","Consentement RGPD | Champ consent_given_at + version des CGU acceptée | ✅ | ","fonctionnalité (ligne d'inventaire)","non spécifiée","FAIT","","","","NON DÉTERMINÉ (statut du document non revérifié ligne par ligne)","NON VALIDÉ (aucune liaison test trouvée par l'heuristique)","docs/CAHIER_DES_CHARGES.md:98","revérifier dans le code puis exécuter les tests liés"
"REQ-0013","1.1.13","1","PARTIE 1 — Structure & Multi-tenant","99","Profil (avatar, nom, entreprise) | Table users + upload avatar vers S3/R2 | ✅ | ","fonctionnalité (ligne d'inventaire)","non spécifiée","FAIT","","","","NON DÉTERMINÉ (statut du document non revérifié ligne par ligne)","NON VALIDÉ (aucune liaison test trouvée par l'heuristique)","docs/CAHIER_DES_CHARGES.md:99","revérifier dans le code puis exécuter les tests liés"
"REQ-0014","1.1.14","1","PARTIE 1 — Structure & Multi-tenant","100","Préférences (langue, fuseau) | Colonnes locale, timezone sur users | ✅ | ","fonctionnalité (ligne d'inventaire)","non spécifiée","FAIT","","","","NON DÉTERMINÉ (statut du document non revérifié ligne par ligne)","NON VALIDÉ (aucune liaison test trouvée par l'heuristique)","docs/CAHIER_DES_CHARGES.md:100","revérifier dans le code puis exécuter les tests liés"
"REQ-0015","1.1.15","1","PARTIE 1 — Structure & Multi-tenant","101","*(ajouté, hors liste initiale)* Révocation des tokens d'accès | Blacklist des access tokens (jti), nettoyée par tâche planifiée | ✅ | ","fonctionnalité (ligne d'inventaire)","non spécifiée","FAIT","","","","NON DÉTERMINÉ (statut du document non revérifié ligne par ligne)","NON VALIDÉ (aucune liaison test trouvée par l'heuristique)","docs/CAHIER_DES_CHARGES.md:101","revérifier dans le code puis exécuter les tests liés"
"REQ-0016","1.1.16","1","PARTIE 1 — Structure & Multi-tenant","102","*(ajouté, hors liste initiale)* Protection CSRF | Double-submit cookie sur /auth/refresh et /auth/logout | ✅ | ","fonctionnalité (ligne d'inventaire)","non spécifiée","FAIT","","","","NON DÉTERMINÉ (statut du document non revérifié ligne par ligne)","NON VALIDÉ (aucune liaison test trouvée par l'heuristique)","docs/CAHIER_DES_CHARGES.md:102","revérifier dans le code puis exécuter les tests liés"
"REQ-0017","1.2.1","1","PARTIE 1 — Structure & Multi-tenant","113","Super Admin | Rôle global hors-org, flag is_superadmin sur users | ✅ (implémenté via l'enum `role` existant plutôt qu'une colonne `is_superadmin` séparée -- migration 0010 avait déjà supprimé ce booléen au profit de l'enum, le réintroduire aurait recréé deux sources de vérité. `require_superadmin()`","fonctionnalité (ligne d'inventaire)","non spécifiée","FAIT","","","","NON DÉTERMINÉ (statut du document non revérifié ligne par ligne)","NON VALIDÉ (aucune liaison test trouvée par l'heuristique)","docs/CAHIER_DES_CHARGES.md:113","revérifier dans le code puis exécuter les tests liés"
"REQ-0018","1.2.2","1","PARTIE 1 — Structure & Multi-tenant","114","Organization Owner | Rôle le plus élevé dans organization_members.role | ✅ (tables `organizations`/`organization_members` créées -- première tranche de la Partie 1.3. `create_organization_with_owner()` partagé entre `POST /organizations` et l'organisation par défaut auto-créée à l'inscription. `requ","fonctionnalité (ligne d'inventaire)","non spécifiée","FAIT","","","","NON DÉTERMINÉ (statut du document non revérifié ligne par ligne)","NON VALIDÉ (aucune liaison test trouvée par l'heuristique)","docs/CAHIER_DES_CHARGES.md:114","revérifier dans le code puis exécuter les tests liés"
"REQ-0019","1.2.3","1","PARTIE 1 — Structure & Multi-tenant","115","Admin | Idem, niveau juste sous Owner | ✅ (`OrganizationRole.admin` + `require_org_admin()`. Endpoints de gestion des membres : `GET/POST/PATCH/DELETE /organizations/{id}/members/...`. Un Admin ne peut ni toucher au rôle d'un Owner ni le retirer -- règle appliquée à TOUT appelant, pas seulement aux ","fonctionnalité (ligne d'inventaire)","non spécifiée","FAIT","","","","NON DÉTERMINÉ (statut du document non revérifié ligne par ligne)","NON VALIDÉ (aucune liaison test trouvée par l'heuristique)","docs/CAHIER_DES_CHARGES.md:115","revérifier dans le code puis exécuter les tests liés"
"REQ-0020","1.2.4","1","PARTIE 1 — Structure & Multi-tenant","116","Manager | Idem | ✅ (`require_org_manager()` -- Owner/Admin/Manager, strictement entre Member et Admin. Deux capacités propres : (1) inviter des membres (`GET/POST /organizations/{id}/members[/invite]` élargis d'Admin à Manager+ -- rôle mis à jour et retrait restent Admin-only, inchangés), avec un ga","fonctionnalité (ligne d'inventaire)","non spécifiée","FAIT","","api/services/agent_knowledge_base.py","","NON DÉTERMINÉ (statut du document non revérifié ligne par ligne)","NON VALIDÉ (aucune liaison test trouvée par l'heuristique)","docs/CAHIER_DES_CHARGES.md:116","revérifier dans le code puis exécuter les tests liés"
"REQ-0021","1.2.5","1","PARTIE 1 — Structure & Multi-tenant","117","Member | Idem (rôle par défaut à l'invitation) | ✅ (rôle par défaut confirmé -- `OrganizationMemberInviteRequest.role` défaut déjà `member` depuis 1.2.3, l'org auto-créée à l'inscription attribue Owner à son créateur, pas de flux séparé attribuant Member par défaut ailleurs pour l'instant. `require_","fonctionnalité (ligne d'inventaire)","non spécifiée","FAIT","","","","NON DÉTERMINÉ (statut du document non revérifié ligne par ligne)","NON VALIDÉ (aucune liaison test trouvée par l'heuristique)","docs/CAHIER_DES_CHARGES.md:117","revérifier dans le code puis exécuter les tests liés"
"REQ-0022","1.2.6","1","PARTIE 1 — Structure & Multi-tenant","118","Viewer | Idem, lecture seule | ✅ (effet de bord honnête de 1.2.5, pas construit délibérément pour cette étape : Viewer a toujours été rejeté par `require_org_manager`/`require_org_admin`/`require_org_owner` depuis 1.2.2-1.2.4, mais ce n'était pas explicitement testé. `tests/test_viewer_cannot_create","fonctionnalité (ligne d'inventaire)","non spécifiée","FAIT","","","","NON DÉTERMINÉ (statut du document non revérifié ligne par ligne)","NON VALIDÉ (aucune liaison test trouvée par l'heuristique)","docs/CAHIER_DES_CHARGES.md:118","revérifier dans le code puis exécuter les tests liés"
"REQ-0023","1.2.7","1","PARTIE 1 — Structure & Multi-tenant","119","RBAC complet | casbin ou décorateur @require_role() sur chaque route | 🟡 (Casbin installé, migré, initialisé au démarrage réel de l'app, et vérifié en conditions réelles contre le vrai Postgres -- `api/security/rbac.py`, table `casbin_rule` migration 0016, modèle domain-scoped (`dom` = organization_","fonctionnalité (ligne d'inventaire)","non spécifiée","PARTIEL","","","","NON DÉTERMINÉ (statut du document non revérifié ligne par ligne)","NON VALIDÉ (aucune liaison test trouvée par l'heuristique)","docs/CAHIER_DES_CHARGES.md:119","revérifier dans le code puis exécuter les tests liés"
"REQ-0024","1.2.8","1","PARTIE 1 — Structure & Multi-tenant","120","Permissions granulaires par ressource | Table permissions (resource_type, action, role) | 🟡 (table `resource_permissions` réelle, migration 0017, `ON DELETE CASCADE` depuis `organizations` et `users`. Ordre de priorité implémenté et testé : permission granulaire > rôle général > refus. **Branché en ","fonctionnalité (ligne d'inventaire)","non spécifiée","PARTIEL","","","","NON DÉTERMINÉ (statut du document non revérifié ligne par ligne)","NON VALIDÉ (aucune liaison test trouvée par l'heuristique)","docs/CAHIER_DES_CHARGES.md:120","revérifier dans le code puis exécuter les tests liés"
"REQ-0025","1.3.1","1","PARTIE 1 — Structure & Multi-tenant","128","Organizations | Table organizations, FK sur toutes les tables métier | ✅ (`api/models/organization.py`, aucune AUTRE table métier n'a encore de FK vers elle -- c'est la prochaine étape logique une fois que du contenu org-scopé existe) | ","fonctionnalité (ligne d'inventaire)","non spécifiée","FAIT","","","","NON DÉTERMINÉ (statut du document non revérifié ligne par ligne)","NON VALIDÉ (aucune liaison test trouvée par l'heuristique)","docs/CAHIER_DES_CHARGES.md:128","revérifier dans le code puis exécuter les tests liés"
"REQ-0026","1.3.2","1","PARTIE 1 — Structure & Multi-tenant","129","Workspaces | Table workspaces (FK org), regroupe KB + agents | 🟡 (table `workspaces` créée à l'Étape 1.2.4 avec CRUD complet -- `id`, `organization_id`, `name`, `created_by`, timestamps -- mais délibérément minimale : pas encore de lien vers une KB ou des agents, puisqu'aucun des deux n'existe encor","fonctionnalité (ligne d'inventaire)","non spécifiée","PARTIEL","","api/models/agent.py;api/models/workspace.py","","NON DÉTERMINÉ (statut du document non revérifié ligne par ligne)","NON VALIDÉ (aucune liaison test trouvée par l'heuristique)","docs/CAHIER_DES_CHARGES.md:129","revérifier dans le code puis exécuter les tests liés"
"REQ-0027","1.3.3","1","PARTIE 1 — Structure & Multi-tenant","130","Teams | Table teams (FK org), M2M avec users | ✅ (`api/models/team.py` : `Team` -- FK `organizations` [pas `workspace`, voir note ci-dessous] -- et `TeamMember` [rôle propre `admin`/`member`, scopé à l'équipe]. Migration 0018, `ON DELETE CASCADE` en cascade double : org→teams et teams→team_members. ","fonctionnalité (ligne d'inventaire)","non spécifiée","FAIT","","api/alembic/versions/0018_teams.py;api/models/team.py;api/routers/organization_members.py;api/routers/teams.py;api/schemas/teams.py","tests/test_postgres_integration.py;tests/test_teams.py","NON DÉTERMINÉ (statut du document non revérifié ligne par ligne)","TEST PRÉSENT MAIS NON EXÉCUTÉ (liaison heuristique)","docs/CAHIER_DES_CHARGES.md:130","revérifier dans le code puis exécuter les tests liés"
"REQ-0028","1.3.4","1","PARTIE 1 — Structure & Multi-tenant","131","Invitations (email+lien) | Table invitations (token, email, rôle, expiry) | ✅ (`api/models/invitation.py`, migration 0020, `ON DELETE CASCADE` depuis `organizations`. Chemin ADDITIF à côté de l'ajout immédiat existant (1.2.3/1.2.4, inchangé) -- celui-ci crée une invitation en attente qu'une adresse ","fonctionnalité (ligne d'inventaire)","non spécifiée","FAIT","","api/alembic/versions/0020_invitations.py;api/config.py;api/models/invitation.py;api/routers/invitations.py;api/routers/organization_members.py","tests/test_invitations.py;tests/test_postgres_integration.py;tests/test_quotas.py","NON DÉTERMINÉ (statut du document non revérifié ligne par ligne)","TEST PRÉSENT MAIS NON EXÉCUTÉ (liaison heuristique)","docs/CAHIER_DES_CHARGES.md:131","revérifier dans le code puis exécuter les tests liés"
"REQ-0029","1.3.5","1","PARTIE 1 — Structure & Multi-tenant","132","Isolation des données | org_id obligatoire sur chaque requête + collection Chroma dédiée | 🟡 (isolation réelle et testée depuis 1.2.2-1.3.4 : chaque requête org-scopée filtre explicitement par `organization_id` en Python (`require_org_member` et toute sa famille) -- vérifié par des dizaines de tests","fonctionnalité (ligne d'inventaire)","non spécifiée","PARTIEL","","api/alembic/versions/0098_rls_coverage_gap.py","tests/test_postgres_integration.py","NON DÉTERMINÉ (statut du document non revérifié ligne par ligne)","TEST PRÉSENT MAIS NON EXÉCUTÉ (liaison heuristique)","docs/CAHIER_DES_CHARGES.md:132","revérifier dans le code puis exécuter les tests liés"
"REQ-0030","1.3.6","1","PARTIE 1 — Structure & Multi-tenant","133","Quotas par organisation | Table organization_limits, vérifiées en middleware | ✅ (`api/models/organization_quota.py`, migration 0021, `ON DELETE CASCADE` depuis `organizations`, créée automatiquement avec chaque organisation dans la même transaction que le propriétaire fondateur. 10 dimensions deman","fonctionnalité (ligne d'inventaire)","non spécifiée","FAIT","","api/alembic/versions/0021_organization_quotas.py;api/config.py;api/models/organization_branding.py;api/models/organization_quota.py;api/models/organization_settings.py","tests/test_postgres_integration.py;tests/test_quotas.py","NON DÉTERMINÉ (statut du document non revérifié ligne par ligne)","TEST PRÉSENT MAIS NON EXÉCUTÉ (liaison heuristique)","docs/CAHIER_DES_CHARGES.md:133","revérifier dans le code puis exécuter les tests liés"
"REQ-0031","1.3.7","1","PARTIE 1 — Structure & Multi-tenant","134","Limites par utilisateur | Colonne daily_request_limit sur organization_members | ✅ (6 colonnes ajoutées à `organization_members` [pas une table séparée], migration 0022 -- `daily_request_limit`/`max_documents`/`max_conversations` (mêmes 3 non-appliqués que 1.3.6, aucune table/endpoint réel derrière)","fonctionnalité (ligne d'inventaire)","non spécifiée","FAIT","","api/alembic/versions/0022_organization_member_limits.py;api/models/organization.py;api/routers/organization_members.py;api/routers/teams.py;api/routers/user_limits.py","tests/test_postgres_integration.py;tests/test_user_limits.py","NON DÉTERMINÉ (statut du document non revérifié ligne par ligne)","TEST PRÉSENT MAIS NON EXÉCUTÉ (liaison heuristique)","docs/CAHIER_DES_CHARGES.md:134","revérifier dans le code puis exécuter les tests liés"
"REQ-0032","1.3.8","1","PARTIE 1 — Structure & Multi-tenant","135","Usage par organisation | Agrégation telemetry filtrée par org_id | ✅ (deux tables -- `api/models/organization_usage.py`, migration 0023, `ON DELETE CASCADE` depuis `organizations` : `organization_usage` [agrégat journalier, une ligne par (org, jour, métrique), contrainte unique] et `organization_usa","fonctionnalité (ligne d'inventaire)","non spécifiée","FAIT","","api/alembic/versions/0023_organization_usage.py;api/models/billing.py;api/models/organization_settings.py;api/models/organization_usage.py;api/routers/invitations.py","tests/test_postgres_integration.py;tests/test_usage.py","NON DÉTERMINÉ (statut du document non revérifié ligne par ligne)","TEST PRÉSENT MAIS NON EXÉCUTÉ (liaison heuristique)","docs/CAHIER_DES_CHARGES.md:135","revérifier dans le code puis exécuter les tests liés"
"REQ-0033","1.3.9","1","PARTIE 1 — Structure & Multi-tenant","136","Configuration par organisation | Table organization_settings (JSON) | ✅ (`api/models/organization_settings.py`, migration 0024, `ON DELETE CASCADE` depuis `organizations`, créée automatiquement avec chaque organisation dans la même transaction que le propriétaire fondateur et les quotas par défaut. ","fonctionnalité (ligne d'inventaire)","non spécifiée","FAIT","","api/alembic/versions/0024_organization_settings.py;api/models/analytics.py;api/models/organization_branding.py;api/models/organization_settings.py;api/routers/organization_members.py","tests/test_organization_settings.py;tests/test_postgres_integration.py","NON DÉTERMINÉ (statut du document non revérifié ligne par ligne)","TEST PRÉSENT MAIS NON EXÉCUTÉ (liaison heuristique)","docs/CAHIER_DES_CHARGES.md:136","revérifier dans le code puis exécuter les tests liés"
"REQ-0034","1.3.10","1","PARTIE 1 — Structure & Multi-tenant","137","Branding par organisation | Table organization_branding | ✅ (`api/models/organization_branding.py`, migration 0025, `ON DELETE CASCADE` depuis `organizations`, créée automatiquement avec la même transaction que le quota et la configuration par défaut. **Contrairement à 1.3.9, table de colonnes typée","fonctionnalité (ligne d'inventaire)","non spécifiée","FAIT","","api/alembic/versions/0025_organization_branding.py;api/alembic/versions/0101_whitelabel_extended_branding.py;api/models/organization_branding.py;api/models/sales.py;api/routers/custom_domains.py","tests/test_branding_storage_integration.py;tests/test_organization_branding.py;tests/test_postgres_integration.py;tests/test_storage.py","NON DÉTERMINÉ (statut du document non revérifié ligne par ligne)","TEST PRÉSENT MAIS NON EXÉCUTÉ (liaison heuristique)","docs/CAHIER_DES_CHARGES.md:137","revérifier dans le code puis exécuter les tests liés"
"REQ-0035","1.4.1","1","PARTIE 1 — Structure & Multi-tenant","143","Custom domains | Table custom_domains, reverse-proxy dynamique (Caddy/Traefik) | ✅ (`api/models/custom_domain.py`, migration 0026, `ON DELETE CASCADE` depuis `organizations`, `UNIQUE(domain)` global -- deux organisations ne peuvent jamais revendiquer le même hostname. **Honnêteté de périmètre vérifi","fonctionnalité (ligne d'inventaire)","non spécifiée","FAIT","","api/alembic/versions/0026_custom_domains.py;api/config.py;api/models/custom_domain.py;api/models/organization_branding.py;api/models/sales.py","tests/test_custom_domains.py;tests/test_dns_verification_integration.py;tests/test_postgres_integration.py;tests/test_ssl_certificates.py","NON DÉTERMINÉ (statut du document non revérifié ligne par ligne)","TEST PRÉSENT MAIS NON EXÉCUTÉ (liaison heuristique)","docs/CAHIER_DES_CHARGES.md:143","revérifier dans le code puis exécuter les tests liés"
"REQ-0036","1.4.2","1","PARTIE 1 — Structure & Multi-tenant","144","Instructions DNS | Page générée avec les enregistrements CNAME/TXT attendus | ✅ (chaque `DnsRecordEntry` porte désormais un champ `instructions` bilingue (`{""fr"":..., ""en"":...}`), et chaque réponse de domaine porte un `setup_steps` -- une marche à suivre ordonnée, elle aussi bilingue, pensée pour un","fonctionnalité (ligne d'inventaire)","non spécifiée","FAIT","","api/schemas/custom_domains.py;api/security/custom_domains.py;api/security/ssl_certificates.py","","NON DÉTERMINÉ (statut du document non revérifié ligne par ligne)","NON VALIDÉ (aucune liaison test trouvée par l'heuristique)","docs/CAHIER_DES_CHARGES.md:144","revérifier dans le code puis exécuter les tests liés"
"REQ-0037","1.4.3","1","PARTIE 1 — Structure & Multi-tenant","145","SSL auto (Let's Encrypt) | Traefik + resolver ACME, ou Caddy | 🟡 (`api/models/acme_account.py` + `api/models/ssl_certificate.py`, migration 0027 -- un vrai client ACME v2/RFC 8555 (`acme`/`josepy`, les mêmes bibliothèques que certbot), pas une réimplémentation du protocole. **Verdict 🟡 et non ✅, pré","fonctionnalité (ligne d'inventaire)","non spécifiée","FAIT","","api/alembic/versions/0027_ssl_certificates.py;api/config.py;api/models/acme_account.py;api/models/custom_domain.py;api/models/ssl_certificate.py","tests/test_acme_integration.py;tests/test_postgres_integration.py;tests/test_ssl_certificate_renewal_integration.py;tests/test_ssl_certificates.py","NON DÉTERMINÉ (statut du document non revérifié ligne par ligne)","TEST PRÉSENT MAIS NON EXÉCUTÉ (liaison heuristique)","docs/CAHIER_DES_CHARGES.md:145","revérifier dans le code puis exécuter les tests liés"
"REQ-0038","1.4.4","1","PARTIE 1 — Structure & Multi-tenant","146","Vérification domaine | Challenge TXT DNS, job Celery de polling | ✅ (le challenge TXT DNS lui-même était déjà réel depuis 1.4.1 ; cette étape ajoute le job Celery de polling qui manquait -- deux nouvelles colonnes sur `custom_domains` (migration 0028) : `verification_attempts`/`last_verification_att","fonctionnalité (ligne d'inventaire)","non spécifiée","FAIT","","api/alembic/versions/0028_domain_verification_attempts.py;api/config.py;api/models/custom_domain.py;api/routers/custom_domains.py;api/schemas/custom_domains.py","tests/conftest.py;tests/test_domain_verification.py;tests/test_domain_verification_integration.py","NON DÉTERMINÉ (statut du document non revérifié ligne par ligne)","TEST PRÉSENT MAIS NON EXÉCUTÉ (liaison heuristique)","docs/CAHIER_DES_CHARGES.md:146","revérifier dans le code puis exécuter les tests liés"
"REQ-0039","1.4.5","1","PARTIE 1 — Structure & Multi-tenant","147","Custom email domain | Resend/SES avec domaine vérifié (DKIM/SPF) par org | 🟡 (neuf nouvelles colonnes sur `custom_domains`, migration 0029 -- pas de nouvelle table. **Vérifié contre la vraie documentation API de Resend avant d'écrire une ligne de code** : Resend génère et gère LUI-MÊME sa clé DKIM c","fonctionnalité (ligne d'inventaire)","non spécifiée","FAIT","","api/alembic/versions/0029_email_domain_verification.py;api/config.py;api/models/custom_domain.py;api/models/organization_branding.py;api/routers/custom_domains.py","tests/backend/whitelabel/test_email.py;tests/test_email_domains.py;tests/test_email_domains_integration.py","NON DÉTERMINÉ (statut du document non revérifié ligne par ligne)","TEST PRÉSENT MAIS NON EXÉCUTÉ (liaison heuristique)","docs/CAHIER_DES_CHARGES.md:147","revérifier dans le code puis exécuter les tests liés"
"REQ-0040","1.4.6","1","PARTIE 1 — Structure & Multi-tenant","148","White-label complet | Flag hide_platform_branding + templates conditionnels | ✅ (une colonne `hide_platform_branding` sur `organization_branding` existant, migration 0030 -- pas de nouvelle table. **Déviation délibérée du spec littéral, raisonnée et documentée, pas silencieuse** : l'item 2 demandait","fonctionnalité (ligne d'inventaire)","non spécifiée","FAIT","","api/alembic/versions/0030_hide_platform_branding.py;api/models/organization_branding.py;api/routers/white_label.py;api/schemas/white_label.py;api/security/organization_branding.py","tests/test_white_label.py","NON DÉTERMINÉ (statut du document non revérifié ligne par ligne)","TEST PRÉSENT MAIS NON EXÉCUTÉ (liaison heuristique)","docs/CAHIER_DES_CHARGES.md:148","revérifier dans le code puis exécuter les tests liés"
"REQ-0041","1.4.7","1","PARTIE 1 — Structure & Multi-tenant","149","Logo/favicon/brand name | Champs dans organization_branding | ✅ (déjà livré par 1.3.10 -- `organization_branding.logo_url`/`favicon_url`/`brand_name` sont exactement ces champs ; aucun travail supplémentaire nécessaire) | ","fonctionnalité (ligne d'inventaire)","non spécifiée","FAIT","","","","NON DÉTERMINÉ (statut du document non revérifié ligne par ligne)","NON VALIDÉ (aucune liaison test trouvée par l'heuristique)","docs/CAHIER_DES_CHARGES.md:149","revérifier dans le code puis exécuter les tests liés"
"REQ-0042","1.4.8","1","PARTIE 1 — Structure & Multi-tenant","150","Couleurs/polices/thème | CSS custom properties depuis organization_branding.theme_json | 🟡 (couleurs et police déjà livrés par 1.3.10 -- mais comme des colonnes typées et validées individuellement, pas un blob `theme_json` générique comme le spec original l'envisageait ; `custom_css` couvre l'extens","fonctionnalité (ligne d'inventaire)","non spécifiée","PARTIEL","","","","NON DÉTERMINÉ (statut du document non revérifié ligne par ligne)","NON VALIDÉ (aucune liaison test trouvée par l'heuristique)","docs/CAHIER_DES_CHARGES.md:150","revérifier dans le code puis exécuter les tests liés"
"REQ-0043","1.4.9","1","PARTIE 1 — Structure & Multi-tenant","151","Email sender custom | En-tête From: dynamique selon domaine vérifié | 🟡 (partiellement satisfait par 1.4.5 -- `send_via_custom_email_domain` fait exactement ça, un en-tête `From:` dynamique selon le domaine vérifié, réel et testé contre la vraie API Resend. Ce qui manque : rien dans ce dépôt n'appel","fonctionnalité (ligne d'inventaire)","non spécifiée","PARTIEL","","","","NON DÉTERMINÉ (statut du document non revérifié ligne par ligne)","NON VALIDÉ (aucune liaison test trouvée par l'heuristique)","docs/CAHIER_DES_CHARGES.md:151","revérifier dans le code puis exécuter les tests liés"
"REQ-0044","1.4.10","1","PARTIE 1 — Structure & Multi-tenant","152","System prompt/persona IA | Colonne organization_settings.system_prompt | ✅ (déjà livré par 1.3.9 -- `system_prompt` fait partie des 14 réglages de `DEFAULT_SETTINGS`, lisible/modifiable via `GET`/`PATCH /organizations/{id}/settings` ; même réserve que 1.3.9 : rien dans `src/` ne le consomme encore, ","fonctionnalité (ligne d'inventaire)","non spécifiée","FAIT","","","","NON DÉTERMINÉ (statut du document non revérifié ligne par ligne)","NON VALIDÉ (aucune liaison test trouvée par l'heuristique)","docs/CAHIER_DES_CHARGES.md:152","revérifier dans le code puis exécuter les tests liés"
"REQ-0045","2.1.1","2","PARTIE 2 — Knowledge Base universelle — 🟡 DÉMARRÉ (27✅/8🟡/0⬜","162","PDF | ✅ `pymupdf` (fitz) -- exactement la bibliothèque prévue ici, vérifiée pour de vrai (contre un vrai PDF généré, pas supposée depuis la doc) avant d'écrire le code de traitement : `page.find_tables()` détecte et extrait réellement des tableaux, donc AUCUNE bibliothèque séparée (pdfplumber, camel","fonctionnalité (ligne d'inventaire)","non spécifiée","FAIT","","api/alembic/versions/0031_documents.py;api/config.py;api/models/document.py;api/routers/documents.py;api/schemas/documents.py","tests/conftest.py;tests/test_documents.py;tests/test_documents_integration.py;tests/test_github_extraction_integration.py;tests/test_google_drive_extraction_integration.py","NON DÉTERMINÉ (statut du document non revérifié ligne par ligne)","TEST PRÉSENT MAIS NON EXÉCUTÉ (liaison heuristique)","docs/CAHIER_DES_CHARGES.md:162","revérifier dans le code puis exécuter les tests liés"
"REQ-0046","2.1.2","2","PARTIE 2 — Knowledge Base universelle — 🟡 DÉMARRÉ (27✅/8🟡/0⬜","163","DOCX | ✅ `python-docx` -- exactement la bibliothèque prévue ici. **Même structure que le code PDF de 2.1.1, délibérément** (cohérence vérifiée par test, pas seulement affirmée) : `api/services/docx_extraction.py` reproduit fonction pour fonction `extract_docx_text`/`extract_docx_tables`/`extract_doc","fonctionnalité (ligne d'inventaire)","non spécifiée","FAIT","","api/config.py;api/services/document_extraction.py;api/services/docx_extraction.py;api/services/epub_extraction.py;api/services/google_drive_extraction.py","tests/test_document_extraction.py;tests/test_documents_integration.py;tests/test_docx_extraction.py;tests/test_epub_extraction.py","NON DÉTERMINÉ (statut du document non revérifié ligne par ligne)","TEST PRÉSENT MAIS NON EXÉCUTÉ (liaison heuristique)","docs/CAHIER_DES_CHARGES.md:163","revérifier dans le code puis exécuter les tests liés"
"REQ-0047","2.1.3","2","PARTIE 2 — Knowledge Base universelle — 🟡 DÉMARRÉ (27✅/8🟡/0⬜","164","TXT | ✅ Lecture brute + détection réelle d'encodage (`charset-normalizer`, déjà présent transitivement via `requests`/`acme`, épinglé directement maintenant que le code l'importe lui-même). **Validation d'un genre différent, pas juste un troisième format collé au même moule** : contrairement au PDF/","fonctionnalité (ligne d'inventaire)","non spécifiée","FAIT","","api/services/txt_extraction.py","tests/test_documents.py;tests/test_documents_integration.py;tests/test_txt_extraction.py","NON DÉTERMINÉ (statut du document non revérifié ligne par ligne)","TEST PRÉSENT MAIS NON EXÉCUTÉ (liaison heuristique)","docs/CAHIER_DES_CHARGES.md:164","revérifier dans le code puis exécuter les tests liés"
"REQ-0048","2.1.4","2","PARTIE 2 — Knowledge Base universelle — 🟡 DÉMARRÉ (27✅/8🟡/0⬜","165","Markdown | ✅ **Existait déjà dans `src/ingestion.py`, mais pour le pipeline RAG mono-tenant de démonstration FastAPI, pas pour le pipeline multi-tenant `api/`** -- `src/ingestion.py` lu en entier avant d'écrire une ligne de code (item 1 de cette étape), pas supposé : il résout des inclusions `{* pat","fonctionnalité (ligne d'inventaire)","non spécifiée","FAIT","","api/security/documents.py;api/services/document_extraction.py;api/services/epub_extraction.py;api/services/github_extraction.py;api/services/headings_extraction.py","tests/test_document_extraction.py;tests/test_documents_integration.py;tests/test_github_extraction.py;tests/test_markdown_extraction.py","NON DÉTERMINÉ (statut du document non revérifié ligne par ligne)","TEST PRÉSENT MAIS NON EXÉCUTÉ (liaison heuristique)","docs/CAHIER_DES_CHARGES.md:165","revérifier dans le code puis exécuter les tests liés"
"REQ-0049","2.1.5","2","PARTIE 2 — Knowledge Base universelle — 🟡 DÉMARRÉ (27✅/8🟡/0⬜","166","HTML | ✅ **Exactement les bibliothèques prévues ici** : `readability-lxml` (le vrai algorithme arc90-readability, qui score les blocs par densité de texte réelle pour isoler l'article et écarter nav/header/footer/publicités) pour le contenu principal, `BeautifulSoup4` pour les métadonnées `<head>` e","fonctionnalité (ligne d'inventaire)","non spécifiée","FAIT","","api/security/documents.py;api/services/confluence_extraction.py;api/services/epub_extraction.py;api/services/headings_extraction.py;api/services/html_extraction.py","tests/test_document_extraction.py;tests/test_documents_integration.py;tests/test_html_extraction.py","NON DÉTERMINÉ (statut du document non revérifié ligne par ligne)","TEST PRÉSENT MAIS NON EXÉCUTÉ (liaison heuristique)","docs/CAHIER_DES_CHARGES.md:166","revérifier dans le code puis exécuter les tests liés"
"REQ-0050","2.1.6","2","PARTIE 2 — Knowledge Base universelle — 🟡 DÉMARRÉ (27✅/8🟡/0⬜","167","CSV | ✅ **Exactement la bibliothèque prévue ici** (`pandas`, déjà présente depuis 2.1.1). Détection automatique du délimiteur via `csv.Sniffer` du stdlib Python -- aucune nouvelle dépendance. **Découverte réelle n°1, vérifiée avant d'écrire le code** : `csv.Sniffer` détecte fiablement virgule/point-","fonctionnalité (ligne d'inventaire)","non spécifiée","FAIT","","api/config.py;api/services/csv_extraction.py;api/services/document_extraction.py;api/services/google_drive_extraction.py","tests/test_csv_extraction.py;tests/test_document_extraction.py;tests/test_documents_integration.py","NON DÉTERMINÉ (statut du document non revérifié ligne par ligne)","TEST PRÉSENT MAIS NON EXÉCUTÉ (liaison heuristique)","docs/CAHIER_DES_CHARGES.md:167","revérifier dans le code puis exécuter les tests liés"
"REQ-0051","2.1.7","2","PARTIE 2 — Knowledge Base universelle — 🟡 DÉMARRÉ (27✅/8🟡/0⬜","168","JSON | ✅ Parsing réel via le module stdlib `json` de Python (accéléré en C), sans nouvelle dépendance. Le cahier des charges décrit cet item comme ""Parsing récursif configurable (JSONPath)"" -- un moteur de requêtes JSONPath complet (ex. `jsonpath-ng`, une vraie nouvelle dépendance) n'est délibérémen","fonctionnalité (ligne d'inventaire)","non spécifiée","FAIT","","api/services/json_extraction.py;api/services/xml_extraction.py","tests/test_document_extraction.py;tests/test_documents_integration.py;tests/test_json_extraction.py;tests/test_xml_extraction.py","NON DÉTERMINÉ (statut du document non revérifié ligne par ligne)","TEST PRÉSENT MAIS NON EXÉCUTÉ (liaison heuristique)","docs/CAHIER_DES_CHARGES.md:168","revérifier dans le code puis exécuter les tests liés"
"REQ-0052","2.1.8","2","PARTIE 2 — Knowledge Base universelle — 🟡 DÉMARRÉ (27✅/8🟡/0⬜","169","XML | ✅ **Exactement la bibliothèque prévue ici** (`lxml`, déjà présente depuis 2.1.5). **Question littérale de la vision critique tranchée directement** : `lxml.etree` reproduit délibérément l'API du stdlib `xml.etree.ElementTree` -- l'utiliser, c'est déjà ""utiliser ElementTree"", via l'implémentati","fonctionnalité (ligne d'inventaire)","non spécifiée","FAIT","","api/services/sitemap_extraction.py;api/services/xml_extraction.py","tests/test_document_extraction.py;tests/test_documents_integration.py;tests/test_xml_extraction.py","NON DÉTERMINÉ (statut du document non revérifié ligne par ligne)","TEST PRÉSENT MAIS NON EXÉCUTÉ (liaison heuristique)","docs/CAHIER_DES_CHARGES.md:169","revérifier dans le code puis exécuter les tests liés"
"REQ-0053","2.1.9","2","PARTIE 2 — Knowledge Base universelle — 🟡 DÉMARRÉ (27✅/8🟡/0⬜","170","EPUB | ✅ **Exactement la bibliothèque prévue ici** (`ebooklib`), tranchant directement la vision critique 5. Le texte des chapitres est converti en texte brut via `BeautifulSoup`, déjà une vraie dépendance depuis 2.1.5 -- un chapitre EPUB EST simplement du XHTML, donc réutilisation du même nettoyage","fonctionnalité (ligne d'inventaire)","non spécifiée","FAIT","","api/security/documents.py;api/services/document_storage.py;api/services/epub_extraction.py","tests/test_document_extraction.py;tests/test_documents_integration.py;tests/test_epub_extraction.py","NON DÉTERMINÉ (statut du document non revérifié ligne par ligne)","TEST PRÉSENT MAIS NON EXÉCUTÉ (liaison heuristique)","docs/CAHIER_DES_CHARGES.md:170","revérifier dans le code puis exécuter les tests liés"
"REQ-0054","2.1.10","2","PARTIE 2 — Knowledge Base universelle — 🟡 DÉMARRÉ (27✅/8🟡/0⬜","171","URLs / pages web | ✅ `httpx` + `readability-lxml` (exactement comme prévu, tous deux déjà présents). `Playwright` (le ""si JS nécessaire"" du cahier) délibérément NON ajouté -- aucune action littérale de cette étape ne demande de rendu JS, et c'est une vraie dépendance lourde (un navigateur complet) à","fonctionnalité (ligne d'inventaire)","non spécifiée","FAIT","","api/alembic/versions/0033_document_source_url.py;api/models/document.py;api/routers/documents.py;api/schemas/documents.py;api/security/documents.py","tests/conftest.py;tests/test_documents.py;tests/test_documents_integration.py;tests/test_github_extraction.py;tests/test_sitemap_extraction.py","NON DÉTERMINÉ (statut du document non revérifié ligne par ligne)","TEST PRÉSENT MAIS NON EXÉCUTÉ (liaison heuristique)","docs/CAHIER_DES_CHARGES.md:171","revérifier dans le code puis exécuter les tests liés"
"REQ-0055","2.1.11","2","PARTIE 2 — Knowledge Base universelle — 🟡 DÉMARRÉ (27✅/8🟡/0⬜","172","Sitemap | ✅ Parsing réel via `lxml` (déjà présent depuis 2.1.5/2.1.8, réutilisant directement le `SAFE_XML_PARSER` durci de 2.1.8 -- aucune nouvelle dépendance). **""Réutilisation sur réutilisation"", pas un chemin d'import parallèle** -- la réponse la plus forte possible à la vision critique 1 : `fet","fonctionnalité (ligne d'inventaire)","non spécifiée","FAIT","","api/config.py;api/routers/documents.py;api/schemas/documents.py;api/security/documents.py;api/services/github_extraction.py","tests/conftest.py;tests/test_github_extraction_integration.py;tests/test_sitemap_extraction.py;tests/test_sitemap_extraction_integration.py;tests/test_sitemap_integration.py","NON DÉTERMINÉ (statut du document non revérifié ligne par ligne)","TEST PRÉSENT MAIS NON EXÉCUTÉ (liaison heuristique)","docs/CAHIER_DES_CHARGES.md:172","revérifier dans le code puis exécuter les tests liés"
"REQ-0056","2.1.12","2","PARTIE 2 — Knowledge Base universelle — 🟡 DÉMARRÉ (27✅/8🟡/0⬜","173","GitHub repos | ✅ **API GitHub REST uniquement -- PAS de `git clone` (même superficiel), une vraie déviation délibérée par rapport au texte original de cette ligne, assumée et expliquée, pas silencieuse** : la section ""Implémentation prévue"" ci-dessus mentionnait un clone superficiel, mais les action","fonctionnalité (ligne d'inventaire)","non spécifiée","FAIT","","api/config.py;api/models/external_source.py;api/routers/documents.py;api/schemas/documents.py;api/security/documents.py","tests/conftest.py;tests/test_documents_integration.py;tests/test_github_extraction.py;tests/test_github_extraction_integration.py;tests/test_github_integration.py","NON DÉTERMINÉ (statut du document non revérifié ligne par ligne)","TEST PRÉSENT MAIS NON EXÉCUTÉ (liaison heuristique)","docs/CAHIER_DES_CHARGES.md:173","revérifier dans le code puis exécuter les tests liés"
"REQ-0057","2.1.13","2","PARTIE 2 — Knowledge Base universelle — 🟡 DÉMARRÉ (27✅/8🟡/0⬜","174","GitHub issues | ✅ **API GitHub REST ""Issues List"" (`/repos/{owner}/{repo}/issues`), PAS l'API Search -- une vraie déviation délibérée par rapport au texte original de cette ligne, assumée et expliquée** : confirmé pour de vrai que l'API Search a son propre vrai quota séparé et bien plus restrictif (","fonctionnalité (ligne d'inventaire)","non spécifiée","FAIT","","api/routers/documents.py;api/schemas/documents.py;api/security/documents.py;api/services/github_extraction.py","tests/conftest.py;tests/test_documents_integration.py","NON DÉTERMINÉ (statut du document non revérifié ligne par ligne)","TEST PRÉSENT MAIS NON EXÉCUTÉ (liaison heuristique)","docs/CAHIER_DES_CHARGES.md:174","revérifier dans le code puis exécuter les tests liés"
"REQ-0058","2.1.14","2","PARTIE 2 — Knowledge Base universelle — 🟡 DÉMARRÉ (27✅/8🟡/0⬜","175","Google Drive | 🟡 **API Google Drive v3 réelle + un vrai flux OAuth 2.0 refresh-token serveur-à-serveur, PAS `google-api-python-client`/`google-auth`** -- même restreinte ""pas de SDK lourd sans besoin réel exprimé"" que les étapes précédentes (pas de Playwright, pas de `git clone`, pas d'API Search) :","fonctionnalité (ligne d'inventaire)","non spécifiée","FAIT","","api/config.py;api/routers/documents.py;api/schemas/documents.py;api/security/documents.py;api/services/confluence_extraction.py","tests/conftest.py;tests/test_documents_integration.py;tests/test_google_docs_integration.py;tests/test_google_drive_extraction.py;tests/test_google_drive_extraction_integration.py","NON DÉTERMINÉ (statut du document non revérifié ligne par ligne)","TEST PRÉSENT MAIS NON EXÉCUTÉ (liaison heuristique)","docs/CAHIER_DES_CHARGES.md:175","revérifier dans le code puis exécuter les tests liés"
"REQ-0059","2.1.15","2","PARTIE 2 — Knowledge Base universelle — 🟡 DÉMARRÉ (27✅/8🟡/0⬜","176","Google Docs | ✅ **API Drive `files.export`, PAS l'API Docs séparée, et export DOCX par défaut, PAS Markdown -- deux déviations délibérées et assumées par rapport au texte original** : l'API Docs (`docs.googleapis.com`) sert un accès structuré à un document vivant (modèle d'édition), pas un export à ","fonctionnalité (ligne d'inventaire)","non spécifiée","FAIT","","api/config.py;api/routers/documents.py;api/schemas/documents.py;api/security/documents.py;api/services/google_drive_extraction.py","tests/conftest.py;tests/test_google_docs_integration.py;tests/test_google_drive_extraction.py","NON DÉTERMINÉ (statut du document non revérifié ligne par ligne)","TEST PRÉSENT MAIS NON EXÉCUTÉ (liaison heuristique)","docs/CAHIER_DES_CHARGES.md:176","revérifier dans le code puis exécuter les tests liés"
"REQ-0060","2.1.16","2","PARTIE 2 — Knowledge Base universelle — 🟡 DÉMARRÉ (27✅/8🟡/0⬜","177","Notion | ✅ **API REST Notion réelle via un simple client httpx, PAS le SDK officiel `notion-client`** -- même restreinte ""pas de SDK sans besoin réel exprimé"" que les étapes précédentes : la surface réelle nécessaire (pages, bases, blocs, requêtes de base de données) tient en quelques appels HTTP si","fonctionnalité (ligne d'inventaire)","non spécifiée","FAIT","","api/config.py;api/routers/documents.py;api/schemas/documents.py;api/security/documents.py;api/services/notion_extraction.py","tests/conftest.py;tests/test_notion_extraction.py;tests/test_notion_extraction_integration.py;tests/test_notion_integration.py","NON DÉTERMINÉ (statut du document non revérifié ligne par ligne)","TEST PRÉSENT MAIS NON EXÉCUTÉ (liaison heuristique)","docs/CAHIER_DES_CHARGES.md:177","revérifier dans le code puis exécuter les tests liés"
"REQ-0061","2.1.17","2","PARTIE 2 — Knowledge Base universelle — 🟡 DÉMARRÉ (27✅/8🟡/0⬜","178","Confluence | 🟡 **API REST Confluence v1 réelle, contre une documentation publiée et stable, PAS de SDK** -- même restreinte ""pas de SDK sans besoin réel exprimé"" que chaque étape précédente. **Limite honnête et inédite, plus sévère que 2.1.14** : chaque étape précédente (GitHub, Google, Notion) disp","fonctionnalité (ligne d'inventaire)","non spécifiée","PARTIEL","","api/config.py;api/routers/documents.py;api/schemas/documents.py;api/security/documents.py;api/services/confluence_extraction.py","tests/conftest.py;tests/test_confluence_extraction.py;tests/test_confluence_integration.py;tests/test_onedrive_extraction_integration.py","NON DÉTERMINÉ (statut du document non revérifié ligne par ligne)","TEST PRÉSENT MAIS NON EXÉCUTÉ (liaison heuristique)","docs/CAHIER_DES_CHARGES.md:178","revérifier dans le code puis exécuter les tests liés"
"REQ-0062","2.1.18","2","PARTIE 2 — Knowledge Base universelle — 🟡 DÉMARRÉ (27✅/8🟡/0⬜","179","OneDrive | 🟡 **API Microsoft Graph v1.0 réelle + un vrai flux OAuth 2.0 refresh-token serveur-à-serveur, structurellement le plus proche parent de la 2.1.14 (Google Drive)** -- même forme réelle de cache-et-rafraîchissement proactif du token que Drive (vision critique 4). **Contrairement à Confluenc","fonctionnalité (ligne d'inventaire)","non spécifiée","FAIT","","api/config.py;api/routers/documents.py;api/schemas/documents.py;api/services/onedrive_extraction.py;api/tasks/onedrive_import.py","tests/conftest.py;tests/test_onedrive_extraction.py;tests/test_onedrive_extraction_integration.py;tests/test_onedrive_integration.py;tests/test_url_fetching_integration.py","NON DÉTERMINÉ (statut du document non revérifié ligne par ligne)","TEST PRÉSENT MAIS NON EXÉCUTÉ (liaison heuristique)","docs/CAHIER_DES_CHARGES.md:179","revérifier dans le code puis exécuter les tests liés"
"REQ-0063","2.1.19","2","PARTIE 2 — Knowledge Base universelle — 🟡 DÉMARRÉ (27✅/8🟡/0⬜","180","Fichiers ZIP | ✅ **stdlib `zipfile` uniquement -- le SEUL import de toute la série 2.1.10-2.1.19 sans la moindre API externe ni le moindre identifiant.** Réutilise la route d'upload EXISTANTE (`POST /organizations/{org_id}/documents`, Partie 2.1.1) plutôt qu'une route dédiée -- un `.zip` est uploadé","fonctionnalité (ligne d'inventaire)","non spécifiée","FAIT","","api/config.py;api/security/documents.py;api/services/document_storage.py;api/services/zip_extraction.py;api/tasks/zip_import.py","tests/conftest.py;tests/test_documents.py;tests/test_zip_extraction.py;tests/test_zip_integration.py","NON DÉTERMINÉ (statut du document non revérifié ligne par ligne)","TEST PRÉSENT MAIS NON EXÉCUTÉ (liaison heuristique)","docs/CAHIER_DES_CHARGES.md:180","revérifier dans le code puis exécuter les tests liés"
"REQ-0064","2.2.1","2","PARTIE 2 — Knowledge Base universelle — 🟡 DÉMARRÉ (27✅/8🟡/0⬜","186","Upload multiple | ✅ **Nouvelle route dédiée `POST /organizations/{org_id}/documents/batch`, PAS une modification littérale de la route d'upload existante** -- déviation réelle et assumée par rapport au texte de la consigne (""modifier POST .../documents"") : une vraie réponse multi-fichiers (un résult","fonctionnalité (ligne d'inventaire)","non spécifiée","FAIT","","api/config.py;api/models/batch_job.py;api/models/organization_usage.py;api/routers/documents.py;api/schemas/documents.py","tests/conftest.py;tests/test_document_batch_integration.py","NON DÉTERMINÉ (statut du document non revérifié ligne par ligne)","TEST PRÉSENT MAIS NON EXÉCUTÉ (liaison heuristique)","docs/CAHIER_DES_CHARGES.md:186","revérifier dans le code puis exécuter les tests liés"
"REQ-0065","2.2.2","2","PARTIE 2 — Knowledge Base universelle — 🟡 DÉMARRÉ (27✅/8🟡/0⬜","187","Drag & drop | 🟡 **100% frontend, zéro surface backend propre à cette étape -- honnêtement non démarrée, pas ""partiellement"" démarrée.** Ce dépôt n'a AUCUN frontend React : son seul frontend réel est un dashboard Streamlit (`dashboard/app.py`) qui sert l'ANCIEN pipeline RAG (`src/`), pas `api/`, l'ar","fonctionnalité (ligne d'inventaire)","non spécifiée","PARTIEL","","","","NON DÉTERMINÉ (statut du document non revérifié ligne par ligne)","NON VALIDÉ (aucune liaison test trouvée par l'heuristique)","docs/CAHIER_DES_CHARGES.md:187","revérifier dans le code puis exécuter les tests liés"
"REQ-0066","2.2.3","2","PARTIE 2 — Knowledge Base universelle — 🟡 DÉMARRÉ (27✅/8🟡/0⬜","188","Barre de progression | 🟡 **Backend réel et complet, UI explicitement différée** (voir 2.2.2). `GET /documents/{document_id}/progress` (poll ponctuel) + `GET /documents/{document_id}/progress/stream` (Server-Sent Events, pas WebSocket -- choix réel et justifié : ce flux n'a jamais besoin de RECEVOIR ","fonctionnalité (ligne d'inventaire)","non spécifiée","PARTIEL","","api/models/document.py;api/routers/documents.py;api/schemas/documents.py;api/security/documents.py","tests/conftest.py;tests/test_document_progress.py","NON DÉTERMINÉ (statut du document non revérifié ligne par ligne)","TEST PRÉSENT MAIS NON EXÉCUTÉ (liaison heuristique)","docs/CAHIER_DES_CHARGES.md:188","revérifier dans le code puis exécuter les tests liés"
"REQ-0067","2.2.4","2","PARTIE 2 — Knowledge Base universelle — 🟡 DÉMARRÉ (27✅/8🟡/0⬜","189","Preview | 🟡 **Backend réel et complet, UI (PDF.js, pagination, zoom) explicitement différée** (voir 2.2.2). `GET /documents/{document_id}/preview` sert le vrai contenu de manière SÉCURISÉE (vision critique 2) : toujours par un proxy authentifié et vérifié par appartenance, jamais un accès S3 direct ","fonctionnalité (ligne d'inventaire)","non spécifiée","PARTIEL","","api/routers/documents.py;api/services/document_storage.py","tests/test_documents_integration.py","NON DÉTERMINÉ (statut du document non revérifié ligne par ligne)","TEST PRÉSENT MAIS NON EXÉCUTÉ (liaison heuristique)","docs/CAHIER_DES_CHARGES.md:189","revérifier dans le code puis exécuter les tests liés"
"REQ-0068","2.2.5","2","PARTIE 2 — Knowledge Base universelle — 🟡 DÉMARRÉ (27✅/8🟡/0⬜","190","Extraction metadata | 🟡 **Extraction/normalisation backend réelle et complète, affichage UI explicitement différé** (voir 2.2.2). Chaque format expose déjà ses propres métadonnées réelles depuis les Parties 2.1.1-2.1.9 (`Document.metadata_json`, jamais modifié ici) -- le vrai travail de cette étape ","fonctionnalité (ligne d'inventaire)","non spécifiée","PARTIEL","","api/routers/documents.py;api/schemas/documents.py;api/services/docx_extraction.py;api/services/epub_extraction.py;api/services/html_extraction.py","tests/test_docx_extraction.py;tests/test_epub_extraction.py;tests/test_html_extraction.py;tests/test_metadata_normalization.py","NON DÉTERMINÉ (statut du document non revérifié ligne par ligne)","TEST PRÉSENT MAIS NON EXÉCUTÉ (liaison heuristique)","docs/CAHIER_DES_CHARGES.md:190","revérifier dans le code puis exécuter les tests liés"
"REQ-0069","2.2.6","2","PARTIE 2 — Knowledge Base universelle — 🟡 DÉMARRÉ (27✅/8🟡/0⬜","191","Tags/catégories | ✅ **Deux vraies tables** (migration `0034`) : `document_tags` (`organization_id`, `name`, `color`, `created_by`, vraie contrainte `UNIQUE(organization_id, name)`) et `document_tag_assignments` (le vrai lien M2M, `UNIQUE(document_id, tag_id)`). Nouveau module `api/security/document_","fonctionnalité (ligne d'inventaire)","non spécifiée","FAIT","","api/alembic/versions/0034_document_tags.py;api/models/document.py;api/models/metadata_enrichment.py;api/routers/documents.py;api/schemas/document_tags.py","","NON DÉTERMINÉ (statut du document non revérifié ligne par ligne)","NON VALIDÉ (aucune liaison test trouvée par l'heuristique)","docs/CAHIER_DES_CHARGES.md:191","revérifier dans le code puis exécuter les tests liés"
"REQ-0070","2.2.7","2","PARTIE 2 — Knowledge Base universelle — 🟡 DÉMARRÉ (27✅/8🟡/0⬜","192","Versioning | ✅ **Nouvelle table réelle** (migration `0035`), `document_versions` : un vrai instantané append-only par version, `UNIQUE(document_id, version_number)`. `Document` gagne un vrai `current_version_id` (FK nullable) -- les deux tables se référencent mutuellement, donc la migration crée `do","fonctionnalité (ligne d'inventaire)","non spécifiée","FAIT","","api/alembic/versions/0035_document_versions.py;api/models/document.py;api/routers/documents.py;api/schemas/document_versions.py;api/security/document_versions.py","tests/test_external_sources.py","NON DÉTERMINÉ (statut du document non revérifié ligne par ligne)","TEST PRÉSENT MAIS NON EXÉCUTÉ (liaison heuristique)","docs/CAHIER_DES_CHARGES.md:192","revérifier dans le code puis exécuter les tests liés"
"REQ-0071","2.2.8","2","PARTIE 2 — Knowledge Base universelle — 🟡 DÉMARRÉ (27✅/8🟡/0⬜","193","Suppression/remplacement | ✅ **Deux nouvelles colonnes réelles** (migration `0036`) : `deleted_at`/`deleted_by`. `DELETE /documents/{id}` (route existante depuis 2.1.1) devient un VRAI soft delete -- vrai changement de comportement, assumé -- la suppression définitive réelle déménage vers une nouvel","fonctionnalité (ligne d'inventaire)","non spécifiée","FAIT","","api/alembic/versions/0036_document_soft_delete.py;api/models/document.py;api/routers/batch_jobs.py;api/routers/documents.py;api/security/batch_jobs.py","tests/test_documents.py","NON DÉTERMINÉ (statut du document non revérifié ligne par ligne)","TEST PRÉSENT MAIS NON EXÉCUTÉ (liaison heuristique)","docs/CAHIER_DES_CHARGES.md:193","revérifier dans le code puis exécuter les tests liés"
"REQ-0072","2.2.9","2","PARTIE 2 — Knowledge Base universelle — 🟡 DÉMARRÉ (27✅/8🟡/0⬜","194","Réindexation manuelle | ✅ **Deux nouvelles routes réelles** (`POST /documents/{id}/reindex`, Member+ si propriétaire ; `POST /organizations/{org_id}/documents/reindex`, Admin+) + deux vraies tâches Celery. **Cohérence -- la réponse ""réutilise le pipeline"" la plus forte de tout ce lot 2.2** : `reinde","fonctionnalité (ligne d'inventaire)","non spécifiée","FAIT","","api/models/reindex_schedule.py;api/routers/documents.py;api/security/documents.py;api/security/reindex_schedules.py;api/tasks/reindex.py","tests/conftest.py;tests/test_reindex.py;tests/test_reindex_schedules.py","NON DÉTERMINÉ (statut du document non revérifié ligne par ligne)","TEST PRÉSENT MAIS NON EXÉCUTÉ (liaison heuristique)","docs/CAHIER_DES_CHARGES.md:194","revérifier dans le code puis exécuter les tests liés"
"REQ-0073","2.2.10","2","PARTIE 2 — Knowledge Base universelle — 🟡 DÉMARRÉ (27✅/8🟡/0⬜","195","Historique modifications | ✅ **Nouvelle table réelle** `document_audit_logs` (migration `0038`, RLS activée en ligne cette fois -- oubli déjà corrigé une fois pour 2.2.6/2.2.7, pas une seconde fois). Nouveau module `api/security/document_audit.py`. **Vraie lacune honnête assumée** : `restored` (unde","fonctionnalité (ligne d'inventaire)","non spécifiée","FAIT","","api/alembic/versions/0038_document_audit_logs.py;api/models/batch_job.py;api/models/document.py;api/models/external_source.py;api/routers/documents.py","tests/test_document_audit.py","NON DÉTERMINÉ (statut du document non revérifié ligne par ligne)","TEST PRÉSENT MAIS NON EXÉCUTÉ (liaison heuristique)","docs/CAHIER_DES_CHARGES.md:195","revérifier dans le code puis exécuter les tests liés"
"REQ-0074","2.2.11","2","PARTIE 2 — Knowledge Base universelle — 🟡 DÉMARRÉ (27✅/8🟡/0⬜","196","Statut d'indexation | 🟡 **Backend réel et complet, UI (polling frontend) explicitement différée** (voir 2.2.2). **Déviation réelle et documentée par rapport au texte littéral** (""colonne `indexing_status`"") : plutôt qu'une DEUXIÈME colonne de statut facilement désynchronisée de la première, réutilis","fonctionnalité (ligne d'inventaire)","non spécifiée","PARTIEL","","api/alembic/versions/0039_document_indexing_status.py;api/models/document.py;api/routers/documents.py;api/schemas/documents.py;api/security/documents.py","tests/test_document_status.py;tests/test_documents_integration.py","NON DÉTERMINÉ (statut du document non revérifié ligne par ligne)","TEST PRÉSENT MAIS NON EXÉCUTÉ (liaison heuristique)","docs/CAHIER_DES_CHARGES.md:196","revérifier dans le code puis exécuter les tests liés"
"REQ-0075","2.2.12","2","PARTIE 2 — Knowledge Base universelle — 🟡 DÉMARRÉ (27✅/8🟡/0⬜","197","Détection doublons | ✅ **Nouvelle colonne réelle** `content_hash` (migration `0040`) : vrai hash SHA-256 hex des octets bruts uploadés, calculé AVANT tout parsing spécifique au format -- identique quel que soit le format parmi les 10 acceptés. **Déviation réelle et documentée par rapport au texte li","fonctionnalité (ligne d'inventaire)","non spécifiée","FAIT","","api/alembic/versions/0040_document_content_hash.py;api/models/document.py;api/routers/documents.py;api/schemas/documents.py;api/security/documents.py","tests/test_document_batch_integration.py;tests/test_document_duplicates.py;tests/test_documents.py","NON DÉTERMINÉ (statut du document non revérifié ligne par ligne)","TEST PRÉSENT MAIS NON EXÉCUTÉ (liaison heuristique)","docs/CAHIER_DES_CHARGES.md:197","revérifier dans le code puis exécuter les tests liés"
"REQ-0076","2.2.13","2","PARTIE 2 — Knowledge Base universelle — 🟡 DÉMARRÉ (27✅/8🟡/0⬜","198","Détection docs modifiés | ✅ **Deux nouvelles colonnes réelles** `last_modified`/`last_checked` (migration `0041`). Nouvelle fonction réelle `api/services/url_fetching.py::get_url_last_modified` -- vraie requête HEAD via le MÊME transport SSRF-safe déjà utilisé par ce module, lecture du vrai header H","fonctionnalité (ligne d'inventaire)","non spécifiée","FAIT","","api/alembic/versions/0041_document_modification_tracking.py;api/models/document.py;api/routers/documents.py;api/schemas/documents.py;api/security/batch_jobs.py","tests/test_document_modification_check.py;tests/test_url_fetching.py;tests/test_url_fetching_integration.py","NON DÉTERMINÉ (statut du document non revérifié ligne par ligne)","TEST PRÉSENT MAIS NON EXÉCUTÉ (liaison heuristique)","docs/CAHIER_DES_CHARGES.md:198","revérifier dans le code puis exécuter les tests liés"
"REQ-0077","2.2.14","2","PARTIE 2 — Knowledge Base universelle — 🟡 DÉMARRÉ (27✅/8🟡/0⬜","199","Sync automatique | ✅ **Nouvelle table réelle** `external_sources` (migration `0042`, RLS activée en ligne dès le départ). Nouveau routeur dédié `api/routers/external_sources.py` (ressource distincte, pas une sous-ressource de `/documents`). **La réponse ""réutilise le pipeline"" la plus forte de tout ","fonctionnalité (ligne d'inventaire)","non spécifiée","FAIT","","api/alembic/versions/0042_external_sources.py;api/models/external_source.py;api/routers/external_sources.py;api/routers/reindex_schedules.py;api/schemas/external_sources.py","tests/test_external_sources.py","NON DÉTERMINÉ (statut du document non revérifié ligne par ligne)","TEST PRÉSENT MAIS NON EXÉCUTÉ (liaison heuristique)","docs/CAHIER_DES_CHARGES.md:199","revérifier dans le code puis exécuter les tests liés"
"REQ-0078","2.2.15","2","PARTIE 2 — Knowledge Base universelle — 🟡 DÉMARRÉ (27✅/8🟡/0⬜","200","Réindexation programmée | ✅ **Nouvelle colonne réelle** `Document.reindex_schedule` (override cron par document) et **nouvelle table réelle** `reindex_schedules` (migration `0043`, RLS en ligne), un vrai schedule cron nommé par organisation. **Zéro nouvelle dépendance de parsing cron** : `_crontab_f","fonctionnalité (ligne d'inventaire)","non spécifiée","FAIT","","api/alembic/versions/0043_reindex_schedules.py;api/models/document.py;api/models/reindex_schedule.py;api/routers/reindex_schedules.py;api/schemas/reindex_schedules.py","tests/test_reindex_schedules.py","NON DÉTERMINÉ (statut du document non revérifié ligne par ligne)","TEST PRÉSENT MAIS NON EXÉCUTÉ (liaison heuristique)","docs/CAHIER_DES_CHARGES.md:200","revérifier dans le code puis exécuter les tests liés"
"REQ-0079","2.2.16","2","PARTIE 2 — Knowledge Base universelle — 🟡 DÉMARRÉ (27✅/8🟡/0⬜","201","Batch processing | ✅ **Deux nouvelles tables réelles** `batch_jobs`/`batch_job_items` (migration `0044`, RLS en ligne sur les deux). **Une vraie couche de suivi générique, pas un sixième pipeline concurrent** : `process_batch_job` n'implémente aucune nouvelle logique par item pour ses 5 vrais `job_t","fonctionnalité (ligne d'inventaire)","non spécifiée","FAIT","","api/alembic/versions/0044_batch_jobs.py;api/models/batch_job.py;api/models/evaluation.py;api/routers/batch_jobs.py;api/schemas/batch_jobs.py","tests/test_batch_jobs.py","NON DÉTERMINÉ (statut du document non revérifié ligne par ligne)","TEST PRÉSENT MAIS NON EXÉCUTÉ (liaison heuristique)","docs/CAHIER_DES_CHARGES.md:201","revérifier dans le code puis exécuter les tests liés"
"REQ-0080","3.1.1","3","PARTIE 3 — Pipeline RAG avancé — 🟡 PARTIEL (~15/41, dont 3.1","213","Nettoyage du texte | ✅ Voir détails ci-dessous | ","fonctionnalité (ligne d'inventaire)","non spécifiée","FAIT","","api/security/documents.py;api/services/structure_detection.py;api/services/text_cleaning.py;api/services/text_normalization.py","tests/test_documents_integration.py;tests/test_text_cleaning.py","NON DÉTERMINÉ (statut du document non revérifié ligne par ligne)","TEST PRÉSENT MAIS NON EXÉCUTÉ (liaison heuristique)","docs/CAHIER_DES_CHARGES.md:213","revérifier dans le code puis exécuter les tests liés"
"REQ-0081","3.1.2","3","PARTIE 3 — Pipeline RAG avancé — 🟡 PARTIEL (~15/41, dont 3.1","214","Normalisation du texte | ✅ Voir détails ci-dessous | ","fonctionnalité (ligne d'inventaire)","non spécifiée","FAIT","","api/services/metadata_enrichment.py;api/services/query_rewriting.py;api/services/text_normalization.py","tests/test_text_normalization.py","NON DÉTERMINÉ (statut du document non revérifié ligne par ligne)","TEST PRÉSENT MAIS NON EXÉCUTÉ (liaison heuristique)","docs/CAHIER_DES_CHARGES.md:214","revérifier dans le code puis exécuter les tests liés"
"REQ-0082","3.1.3","3","PARTIE 3 — Pipeline RAG avancé — 🟡 PARTIEL (~15/41, dont 3.1","215","Extraction du texte (amélioration) | ✅ Voir détails ci-dessous | ","fonctionnalité (ligne d'inventaire)","non spécifiée","FAIT","","api/services/document_extraction.py;api/services/docx_extraction.py","tests/test_document_extraction.py;tests/test_docx_extraction.py","NON DÉTERMINÉ (statut du document non revérifié ligne par ligne)","TEST PRÉSENT MAIS NON EXÉCUTÉ (liaison heuristique)","docs/CAHIER_DES_CHARGES.md:215","revérifier dans le code puis exécuter les tests liés"
"REQ-0083","3.1.4","3","PARTIE 3 — Pipeline RAG avancé — 🟡 PARTIEL (~15/41, dont 3.1","216","Extraction des tableaux | ✅ Voir détails ci-dessous | ","fonctionnalité (ligne d'inventaire)","non spécifiée","FAIT","","api/models/metadata_enrichment.py;api/security/documents.py;api/services/document_extraction.py;api/services/html_extraction.py;api/services/structure_detection.py","tests/test_documents_integration.py;tests/test_html_extraction.py;tests/test_table_transformation.py","NON DÉTERMINÉ (statut du document non revérifié ligne par ligne)","TEST PRÉSENT MAIS NON EXÉCUTÉ (liaison heuristique)","docs/CAHIER_DES_CHARGES.md:216","revérifier dans le code puis exécuter les tests liés"
"REQ-0084","3.1.5","3","PARTIE 3 — Pipeline RAG avancé — 🟡 PARTIEL (~15/41, dont 3.1","217","Extraction des images | ✅ Voir détails ci-dessous | ","fonctionnalité (ligne d'inventaire)","non spécifiée","FAIT","","api/alembic/versions/0045_document_images.py;api/models/document_image.py;api/routers/documents.py;api/schemas/documents.py;api/security/documents.py","tests/test_document_extraction.py;tests/test_documents_integration.py;tests/test_image_extraction.py","NON DÉTERMINÉ (statut du document non revérifié ligne par ligne)","TEST PRÉSENT MAIS NON EXÉCUTÉ (liaison heuristique)","docs/CAHIER_DES_CHARGES.md:217","revérifier dans le code puis exécuter les tests liés"
"REQ-0085","3.1.6","3","PARTIE 3 — Pipeline RAG avancé — 🟡 PARTIEL (~15/41, dont 3.1","218","OCR | ✅ Voir détails ci-dessous (vérification réelle via CI, binaires système absents de cette machine de dev) | ","fonctionnalité (ligne d'inventaire)","non spécifiée","FAIT","","api/config.py;api/security/documents.py;api/services/conversation_export.py;api/services/document_extraction.py;api/services/ocr.py","tests/test_documents_integration.py;tests/test_ocr.py","NON DÉTERMINÉ (statut du document non revérifié ligne par ligne)","TEST PRÉSENT MAIS NON EXÉCUTÉ (liaison heuristique)","docs/CAHIER_DES_CHARGES.md:218","revérifier dans le code puis exécuter les tests liés"
"REQ-0086","3.1.7","3","PARTIE 3 — Pipeline RAG avancé — 🟡 PARTIEL (~15/41, dont 3.1","219","Détection de langue | ✅ Voir détails ci-dessous | ","fonctionnalité (ligne d'inventaire)","non spécifiée","FAIT","","api/config.py;api/security/documents.py;api/services/language_detection.py;api/services/parent_child_chunking.py;api/services/query_rewriting.py","tests/test_documents_integration.py;tests/test_language_detection.py","NON DÉTERMINÉ (statut du document non revérifié ligne par ligne)","TEST PRÉSENT MAIS NON EXÉCUTÉ (liaison heuristique)","docs/CAHIER_DES_CHARGES.md:219","revérifier dans le code puis exécuter les tests liés"
"REQ-0087","3.1.8","3","PARTIE 3 — Pipeline RAG avancé — 🟡 PARTIEL (~15/41, dont 3.1","220","Détection de structure documentaire | ✅ Voir détails ci-dessous | ","fonctionnalité (ligne d'inventaire)","non spécifiée","FAIT","","api/security/documents.py;api/services/headings_extraction.py;api/services/structure_detection.py","tests/test_documents_integration.py;tests/test_structure_detection.py","NON DÉTERMINÉ (statut du document non revérifié ligne par ligne)","TEST PRÉSENT MAIS NON EXÉCUTÉ (liaison heuristique)","docs/CAHIER_DES_CHARGES.md:220","revérifier dans le code puis exécuter les tests liés"
"REQ-0088","3.1.9","3","PARTIE 3 — Pipeline RAG avancé — 🟡 PARTIEL (~15/41, dont 3.1","221","Extraction des titres et sections | ✅ Voir détails ci-dessous | ","fonctionnalité (ligne d'inventaire)","non spécifiée","FAIT","","api/services/headings_extraction.py;api/services/markdown_chunking.py;api/services/structure_detection.py","tests/test_headings_extraction.py","NON DÉTERMINÉ (statut du document non revérifié ligne par ligne)","TEST PRÉSENT MAIS NON EXÉCUTÉ (liaison heuristique)","docs/CAHIER_DES_CHARGES.md:221","revérifier dans le code puis exécuter les tests liés"
"REQ-0089","3.1.10","3","PARTIE 3 — Pipeline RAG avancé — 🟡 PARTIEL (~15/41, dont 3.1","222","Extraction avancée des métadonnées | ✅ Voir détails ci-dessous | ","fonctionnalité (ligne d'inventaire)","non spécifiée","FAIT","","api/alembic/versions/0046_document_keywords_entities.py;api/models/metadata_enrichment.py;api/security/documents.py;api/services/context_compression.py;api/services/metadata_enrichment.py","tests/test_documents_integration.py;tests/test_metadata_enrichment.py;tests/test_query_rewriting.py","NON DÉTERMINÉ (statut du document non revérifié ligne par ligne)","TEST PRÉSENT MAIS NON EXÉCUTÉ (liaison heuristique)","docs/CAHIER_DES_CHARGES.md:222","revérifier dans le code puis exécuter les tests liés"
"REQ-0090","3.2.1","3","PARTIE 3 — Pipeline RAG avancé — 🟡 PARTIEL (~15/41, dont 3.1","272","Fixed-size (512 tokens, overlap 50) | ✅ Existe déjà (`chunk_text`, `api/security/documents.py`, tokens réels via le tokenizer du modèle d'embedding, `chunk_size`/`chunk_overlap` réels par organisation) | ","fonctionnalité (ligne d'inventaire)","non spécifiée","FAIT","","api/config.py;api/security/organization_settings.py;api/services/chunk_config.py;api/services/chunking.py;api/services/code_chunking.py","","NON DÉTERMINÉ (statut du document non revérifié ligne par ligne)","NON VALIDÉ (aucune liaison test trouvée par l'heuristique)","docs/CAHIER_DES_CHARGES.md:272","revérifier dans le code puis exécuter les tests liés"
"REQ-0091","3.2.2","3","PARTIE 3 — Pipeline RAG avancé — 🟡 PARTIEL (~15/41, dont 3.1","273","Recursive | ✅ Voir détails ci-dessous | ","fonctionnalité (ligne d'inventaire)","non spécifiée","FAIT","","api/config.py;api/security/organization_settings.py;api/services/chunk_config.py;api/services/chunking.py;api/services/code_chunking.py","tests/test_chunk_config.py;tests/test_chunking.py;tests/test_chunking_strategy_wiring.py;tests/test_semantic_chunking.py","NON DÉTERMINÉ (statut du document non revérifié ligne par ligne)","TEST PRÉSENT MAIS NON EXÉCUTÉ (liaison heuristique)","docs/CAHIER_DES_CHARGES.md:273","revérifier dans le code puis exécuter les tests liés"
"REQ-0092","3.2.3","3","PARTIE 3 — Pipeline RAG avancé — 🟡 PARTIEL (~15/41, dont 3.1","274","Semantic chunking | ✅ Voir détails ci-dessous | ","fonctionnalité (ligne d'inventaire)","non spécifiée","FAIT","","api/services/chunking.py;api/services/duplicate_removal.py;api/services/metadata_enrichment.py;api/services/mmr.py;api/services/semantic_chunking.py","tests/test_chunking.py;tests/test_semantic_chunking.py","NON DÉTERMINÉ (statut du document non revérifié ligne par ligne)","TEST PRÉSENT MAIS NON EXÉCUTÉ (liaison heuristique)","docs/CAHIER_DES_CHARGES.md:274","revérifier dans le code puis exécuter les tests liés"
"REQ-0093","3.2.4","3","PARTIE 3 — Pipeline RAG avancé — 🟡 PARTIEL (~15/41, dont 3.1","275","Markdown-aware | ✅ Voir détails ci-dessous | ","fonctionnalité (ligne d'inventaire)","non spécifiée","FAIT","","api/services/chunking.py;api/services/docx_extraction.py;api/services/markdown_chunking.py","tests/test_markdown_chunking.py","NON DÉTERMINÉ (statut du document non revérifié ligne par ligne)","TEST PRÉSENT MAIS NON EXÉCUTÉ (liaison heuristique)","docs/CAHIER_DES_CHARGES.md:275","revérifier dans le code puis exécuter les tests liés"
"REQ-0094","3.2.5","3","PARTIE 3 — Pipeline RAG avancé — 🟡 PARTIEL (~15/41, dont 3.1","276","Code-aware (tree-sitter) | ✅ Voir détails ci-dessous (sans tree-sitter, voir raisons) | ","fonctionnalité (ligne d'inventaire)","non spécifiée","FAIT","","api/services/chunking.py;api/services/code_chunking.py","tests/test_code_chunking.py","NON DÉTERMINÉ (statut du document non revérifié ligne par ligne)","TEST PRÉSENT MAIS NON EXÉCUTÉ (liaison heuristique)","docs/CAHIER_DES_CHARGES.md:276","revérifier dans le code puis exécuter les tests liés"
"REQ-0095","3.2.6","3","PARTIE 3 — Pipeline RAG avancé — 🟡 PARTIEL (~15/41, dont 3.1","277","Sentence-based | ✅ Voir détails ci-dessous | ","fonctionnalité (ligne d'inventaire)","non spécifiée","FAIT","","api/config.py;api/services/context_compression.py;api/services/paragraph_chunking.py;api/services/parent_child_chunking.py;api/services/sentence_chunking.py","tests/test_sentence_chunking.py","NON DÉTERMINÉ (statut du document non revérifié ligne par ligne)","TEST PRÉSENT MAIS NON EXÉCUTÉ (liaison heuristique)","docs/CAHIER_DES_CHARGES.md:277","revérifier dans le code puis exécuter les tests liés"
"REQ-0096","3.2.7","3","PARTIE 3 — Pipeline RAG avancé — 🟡 PARTIEL (~15/41, dont 3.1","278","Paragraph-based | ✅ Voir détails ci-dessous | ","fonctionnalité (ligne d'inventaire)","non spécifiée","FAIT","","api/services/paragraph_chunking.py;api/services/parent_child_chunking.py;api/services/sentence_chunking.py","tests/test_paragraph_chunking.py","NON DÉTERMINÉ (statut du document non revérifié ligne par ligne)","TEST PRÉSENT MAIS NON EXÉCUTÉ (liaison heuristique)","docs/CAHIER_DES_CHARGES.md:278","revérifier dans le code puis exécuter les tests liés"
"REQ-0097","3.2.8","3","PARTIE 3 — Pipeline RAG avancé — 🟡 PARTIEL (~15/41, dont 3.1","279","Parent-child chunks | ✅ Voir détails ci-dessous | ","fonctionnalité (ligne d'inventaire)","non spécifiée","FAIT","","api/security/documents.py;api/services/chunk_config.py;api/services/parent_child_chunking.py","tests/test_parent_child_chunking.py","NON DÉTERMINÉ (statut du document non revérifié ligne par ligne)","TEST PRÉSENT MAIS NON EXÉCUTÉ (liaison heuristique)","docs/CAHIER_DES_CHARGES.md:279","revérifier dans le code puis exécuter les tests liés"
"REQ-0098","3.3.1","3","PARTIE 3 — Pipeline RAG avancé — 🟡 PARTIEL (~15/41, dont 3.1","313","Chunk size configurable | ✅ Voir détails ci-dessous | ","fonctionnalité (ligne d'inventaire)","non spécifiée","FAIT","","api/config.py;api/schemas/organization_settings.py;api/security/organization_settings.py;api/services/chunk_config.py;api/services/code_chunking.py","tests/test_chunk_config.py","NON DÉTERMINÉ (statut du document non revérifié ligne par ligne)","TEST PRÉSENT MAIS NON EXÉCUTÉ (liaison heuristique)","docs/CAHIER_DES_CHARGES.md:313","revérifier dans le code puis exécuter les tests liés"
"REQ-0099","3.3.2","3","PARTIE 3 — Pipeline RAG avancé — 🟡 PARTIEL (~15/41, dont 3.1","314","Chunk overlap configurable | ✅ Voir détails ci-dessous | ","fonctionnalité (ligne d'inventaire)","non spécifiée","FAIT","","","","NON DÉTERMINÉ (statut du document non revérifié ligne par ligne)","NON VALIDÉ (aucune liaison test trouvée par l'heuristique)","docs/CAHIER_DES_CHARGES.md:314","revérifier dans le code puis exécuter les tests liés"
"REQ-0100","3.3.3","3","PARTIE 3 — Pipeline RAG avancé — 🟡 PARTIEL (~15/41, dont 3.1","315","Embedding model configurable | ✅ Voir détails ci-dessous | ","fonctionnalité (ligne d'inventaire)","non spécifiée","FAIT","","api/security/organization_settings.py;api/services/embedding_config.py;api/services/hyde.py;api/services/semantic_filtering.py","tests/test_embedding_config.py","NON DÉTERMINÉ (statut du document non revérifié ligne par ligne)","TEST PRÉSENT MAIS NON EXÉCUTÉ (liaison heuristique)","docs/CAHIER_DES_CHARGES.md:315","revérifier dans le code puis exécuter les tests liés"
"REQ-0101","3.3.4","3","PARTIE 3 — Pipeline RAG avancé — 🟡 PARTIEL (~15/41, dont 3.1","316","Retrieval strategy configurable | ✅ Câblé pour de vrai dans un vrai endpoint de recherche (voir détails) | ","fonctionnalité (ligne d'inventaire)","non spécifiée","FAIT","","api/alembic/versions/0047_document_chunks_organization_id.py;api/config.py;api/models/document.py;api/routers/search.py;api/schemas/organization_settings.py","tests/test_retrieval_config.py;tests/test_retrieval_pipeline.py;tests/test_search.py","NON DÉTERMINÉ (statut du document non revérifié ligne par ligne)","TEST PRÉSENT MAIS NON EXÉCUTÉ (liaison heuristique)","docs/CAHIER_DES_CHARGES.md:316","revérifier dans le code puis exécuter les tests liés"
"REQ-0102","3.3.5","3","PARTIE 3 — Pipeline RAG avancé — 🟡 PARTIEL (~15/41, dont 3.1","317","Reranker configurable | ✅ Câblé pour de vrai dans un vrai endpoint de recherche (voir détails) | ","fonctionnalité (ligne d'inventaire)","non spécifiée","FAIT","","api/services/retrieval_config.py","","NON DÉTERMINÉ (statut du document non revérifié ligne par ligne)","NON VALIDÉ (aucune liaison test trouvée par l'heuristique)","docs/CAHIER_DES_CHARGES.md:317","revérifier dans le code puis exécuter les tests liés"
"REQ-0103","3.3.6","3","PARTIE 3 — Pipeline RAG avancé — 🟡 PARTIEL (~15/41, dont 3.1","318","Top-K configurable | ✅ Câblé pour de vrai dans un vrai endpoint de recherche (voir détails) | ","fonctionnalité (ligne d'inventaire)","non spécifiée","FAIT","","api/schemas/organization_settings.py;api/services/agent_knowledge_base.py;api/services/retrieval_config.py","","NON DÉTERMINÉ (statut du document non revérifié ligne par ligne)","NON VALIDÉ (aucune liaison test trouvée par l'heuristique)","docs/CAHIER_DES_CHARGES.md:318","revérifier dans le code puis exécuter les tests liés"
"REQ-0104","3.3.7","3","PARTIE 3 — Pipeline RAG avancé — 🟡 PARTIEL (~15/41, dont 3.1","319","Score threshold configurable | ✅ Voir détails ci-dessous | ","fonctionnalité (ligne d'inventaire)","non spécifiée","FAIT","","api/schemas/organization_settings.py;api/schemas/search.py;api/security/organization_settings.py;api/services/retrieval_pipeline.py","tests/test_organization_settings.py;tests/test_retrieval_pipeline.py","NON DÉTERMINÉ (statut du document non revérifié ligne par ligne)","TEST PRÉSENT MAIS NON EXÉCUTÉ (liaison heuristique)","docs/CAHIER_DES_CHARGES.md:319","revérifier dans le code puis exécuter les tests liés"
"REQ-0105","3.4.1","3","PARTIE 3 — Pipeline RAG avancé — 🟡 PARTIEL (~15/41, dont 3.1","355","BM25 | ✅ Existe déjà (`src/retrieval.py`) ET réel dans `api/` (`bm25_search`, Partie 3.3.4) | ","fonctionnalité (ligne d'inventaire)","non spécifiée","FAIT","","","","NON DÉTERMINÉ (statut du document non revérifié ligne par ligne)","NON VALIDÉ (aucune liaison test trouvée par l'heuristique)","docs/CAHIER_DES_CHARGES.md:355","revérifier dans le code puis exécuter les tests liés"
"REQ-0106","3.4.2","3","PARTIE 3 — Pipeline RAG avancé — 🟡 PARTIEL (~15/41, dont 3.1","356","Query rewriting | ✅ Voir détails ci-dessous | ","fonctionnalité (ligne d'inventaire)","non spécifiée","FAIT","","api/config.py;api/services/metadata_enrichment.py;api/services/multi_query.py;api/services/query_rewriting.py","tests/test_query_rewriting.py","NON DÉTERMINÉ (statut du document non revérifié ligne par ligne)","TEST PRÉSENT MAIS NON EXÉCUTÉ (liaison heuristique)","docs/CAHIER_DES_CHARGES.md:356","revérifier dans le code puis exécuter les tests liés"
"REQ-0107","3.4.3","3","PARTIE 3 — Pipeline RAG avancé — 🟡 PARTIEL (~15/41, dont 3.1","357","HyDE | ✅ Voir détails ci-dessous | ","fonctionnalité (ligne d'inventaire)","non spécifiée","FAIT","","api/config.py;api/services/hyde.py;api/services/retrieval_pipeline.py","tests/test_hyde.py","NON DÉTERMINÉ (statut du document non revérifié ligne par ligne)","TEST PRÉSENT MAIS NON EXÉCUTÉ (liaison heuristique)","docs/CAHIER_DES_CHARGES.md:357","revérifier dans le code puis exécuter les tests liés"
"REQ-0108","3.4.4","3","PARTIE 3 — Pipeline RAG avancé — 🟡 PARTIEL (~15/41, dont 3.1","358","Multi-query retrieval | ✅ Voir détails ci-dessous | ","fonctionnalité (ligne d'inventaire)","non spécifiée","FAIT","","api/config.py;api/services/multi_query.py;api/services/retrieval_pipeline.py","tests/test_multi_query.py","NON DÉTERMINÉ (statut du document non revérifié ligne par ligne)","TEST PRÉSENT MAIS NON EXÉCUTÉ (liaison heuristique)","docs/CAHIER_DES_CHARGES.md:358","revérifier dans le code puis exécuter les tests liés"
"REQ-0109","3.4.5","3","PARTIE 3 — Pipeline RAG avancé — 🟡 PARTIEL (~15/41, dont 3.1","359","Metadata filtering | ✅ Voir détails ci-dessous | ","fonctionnalité (ligne d'inventaire)","non spécifiée","FAIT","","api/config.py;api/services/metadata_filtering.py;api/tools/search_kb.py","","NON DÉTERMINÉ (statut du document non revérifié ligne par ligne)","NON VALIDÉ (aucune liaison test trouvée par l'heuristique)","docs/CAHIER_DES_CHARGES.md:359","revérifier dans le code puis exécuter les tests liés"
"REQ-0110","3.4.6","3","PARTIE 3 — Pipeline RAG avancé — 🟡 PARTIEL (~15/41, dont 3.1","360","Semantic filtering | ✅ Voir détails ci-dessous | ","fonctionnalité (ligne d'inventaire)","non spécifiée","FAIT","","api/config.py;api/services/context_compression.py;api/services/duplicate_removal.py;api/services/mmr.py;api/services/multi_query.py","tests/test_semantic_filtering.py","NON DÉTERMINÉ (statut du document non revérifié ligne par ligne)","TEST PRÉSENT MAIS NON EXÉCUTÉ (liaison heuristique)","docs/CAHIER_DES_CHARGES.md:360","revérifier dans le code puis exécuter les tests liés"
"REQ-0111","3.4.10","3","PARTIE 3 — Pipeline RAG avancé — 🟡 PARTIEL (~15/41, dont 3.1","364","Context compression | ✅ Voir détails ci-dessous | ","fonctionnalité (ligne d'inventaire)","non spécifiée","FAIT","","api/config.py;api/services/context_compression.py","tests/test_context_compression.py","NON DÉTERMINÉ (statut du document non revérifié ligne par ligne)","TEST PRÉSENT MAIS NON EXÉCUTÉ (liaison heuristique)","docs/CAHIER_DES_CHARGES.md:364","revérifier dans le code puis exécuter les tests liés"
"REQ-0112","3.4.11","3","PARTIE 3 — Pipeline RAG avancé — 🟡 PARTIEL (~15/41, dont 3.1","365","Duplicate removal | ✅ Voir détails ci-dessous | ","fonctionnalité (ligne d'inventaire)","non spécifiée","FAIT","","api/config.py;api/services/duplicate_removal.py;api/services/multi_query.py","tests/test_duplicate_removal.py","NON DÉTERMINÉ (statut du document non revérifié ligne par ligne)","TEST PRÉSENT MAIS NON EXÉCUTÉ (liaison heuristique)","docs/CAHIER_DES_CHARGES.md:365","revérifier dans le code puis exécuter les tests liés"
"REQ-0113","4.1.1","4","PARTIE 4 — Multi-LLM & Embeddings — ✅ (18/18)","412","Anthropic Claude | ✅ Voir détails ci-dessous | ","fonctionnalité (ligne d'inventaire)","non spécifiée","FAIT","","api/config.py;api/schemas/organization_settings.py;api/services/llm_providers.py","tests/test_llm_providers.py","NON DÉTERMINÉ (statut du document non revérifié ligne par ligne)","TEST PRÉSENT MAIS NON EXÉCUTÉ (liaison heuristique)","docs/CAHIER_DES_CHARGES.md:412","revérifier dans le code puis exécuter les tests liés"
"REQ-0114","4.1.2","4","PARTIE 4 — Multi-LLM & Embeddings — ✅ (18/18)","413","OpenAI GPT | ✅ Voir détails ci-dessous | ","fonctionnalité (ligne d'inventaire)","non spécifiée","FAIT","","","","NON DÉTERMINÉ (statut du document non revérifié ligne par ligne)","NON VALIDÉ (aucune liaison test trouvée par l'heuristique)","docs/CAHIER_DES_CHARGES.md:413","revérifier dans le code puis exécuter les tests liés"
"REQ-0115","4.1.3","4","PARTIE 4 — Multi-LLM & Embeddings — ✅ (18/18)","414","Google Gemini | ✅ Voir détails ci-dessous | ","fonctionnalité (ligne d'inventaire)","non spécifiée","FAIT","","","","NON DÉTERMINÉ (statut du document non revérifié ligne par ligne)","NON VALIDÉ (aucune liaison test trouvée par l'heuristique)","docs/CAHIER_DES_CHARGES.md:414","revérifier dans le code puis exécuter les tests liés"
"REQ-0116","4.1.4","4","PARTIE 4 — Multi-LLM & Embeddings — ✅ (18/18)","415","Mistral | ✅ Voir détails ci-dessous | ","fonctionnalité (ligne d'inventaire)","non spécifiée","FAIT","","","","NON DÉTERMINÉ (statut du document non revérifié ligne par ligne)","NON VALIDÉ (aucune liaison test trouvée par l'heuristique)","docs/CAHIER_DES_CHARGES.md:415","revérifier dans le code puis exécuter les tests liés"
"REQ-0117","4.1.5","4","PARTIE 4 — Multi-LLM & Embeddings — ✅ (18/18)","416","Ollama (local) | ✅ Voir détails ci-dessous | ","fonctionnalité (ligne d'inventaire)","non spécifiée","FAIT","","","","NON DÉTERMINÉ (statut du document non revérifié ligne par ligne)","NON VALIDÉ (aucune liaison test trouvée par l'heuristique)","docs/CAHIER_DES_CHARGES.md:416","revérifier dans le code puis exécuter les tests liés"
"REQ-0118","4.1.6","4","PARTIE 4 — Multi-LLM & Embeddings — ✅ (18/18)","417","OpenAI-compatible APIs | ✅ Voir détails ci-dessous | ","fonctionnalité (ligne d'inventaire)","non spécifiée","FAIT","","","","NON DÉTERMINÉ (statut du document non revérifié ligne par ligne)","NON VALIDÉ (aucune liaison test trouvée par l'heuristique)","docs/CAHIER_DES_CHARGES.md:417","revérifier dans le code puis exécuter les tests liés"
"REQ-0119","4.1.7","4","PARTIE 4 — Multi-LLM & Embeddings — ✅ (18/18)","418","Abstraction LLM (LiteLLM) | ✅ Voir détails ci-dessous | ","fonctionnalité (ligne d'inventaire)","non spécifiée","FAIT","","api/config.py;api/services/agent_models.py;api/services/agent_orchestrator.py;api/services/context_compression.py;api/services/embedding_providers.py","","NON DÉTERMINÉ (statut du document non revérifié ligne par ligne)","NON VALIDÉ (aucune liaison test trouvée par l'heuristique)","docs/CAHIER_DES_CHARGES.md:418","revérifier dans le code puis exécuter les tests liés"
"REQ-0120","4.2.1","4","PARTIE 4 — Multi-LLM & Embeddings — ✅ (18/18)","440","OpenAI Embeddings | ✅ Voir détails ci-dessous | ","fonctionnalité (ligne d'inventaire)","non spécifiée","FAIT","","api/config.py;api/services/embedding_config.py;api/services/embedding_providers.py","tests/test_embedding_providers.py","NON DÉTERMINÉ (statut du document non revérifié ligne par ligne)","TEST PRÉSENT MAIS NON EXÉCUTÉ (liaison heuristique)","docs/CAHIER_DES_CHARGES.md:440","revérifier dans le code puis exécuter les tests liés"
"REQ-0121","4.2.2","4","PARTIE 4 — Multi-LLM & Embeddings — ✅ (18/18)","441","Voyage AI Embeddings | ✅ Voir détails ci-dessous | ","fonctionnalité (ligne d'inventaire)","non spécifiée","FAIT","","api/services/embedding_providers.py","","NON DÉTERMINÉ (statut du document non revérifié ligne par ligne)","NON VALIDÉ (aucune liaison test trouvée par l'heuristique)","docs/CAHIER_DES_CHARGES.md:441","revérifier dans le code puis exécuter les tests liés"
"REQ-0122","4.2.3","4","PARTIE 4 — Multi-LLM & Embeddings — ✅ (18/18)","442","Cohere Embeddings | ✅ Voir détails ci-dessous | ","fonctionnalité (ligne d'inventaire)","non spécifiée","FAIT","","api/services/embedding_config.py;api/services/embedding_providers.py","","NON DÉTERMINÉ (statut du document non revérifié ligne par ligne)","NON VALIDÉ (aucune liaison test trouvée par l'heuristique)","docs/CAHIER_DES_CHARGES.md:442","revérifier dans le code puis exécuter les tests liés"
"REQ-0123","4.2.4","4","PARTIE 4 — Multi-LLM & Embeddings — ✅ (18/18)","443","Sentence Transformers | ✅ Voir détails ci-dessous | ","fonctionnalité (ligne d'inventaire)","non spécifiée","FAIT","","api/security/documents.py;api/services/embedding_providers.py","","NON DÉTERMINÉ (statut du document non revérifié ligne par ligne)","NON VALIDÉ (aucune liaison test trouvée par l'heuristique)","docs/CAHIER_DES_CHARGES.md:443","revérifier dans le code puis exécuter les tests liés"
"REQ-0124","4.2.5","4","PARTIE 4 — Multi-LLM & Embeddings — ✅ (18/18)","444","Hugging Face Embeddings | ✅ Voir détails ci-dessous | ","fonctionnalité (ligne d'inventaire)","non spécifiée","FAIT","","api/services/embedding_providers.py","","NON DÉTERMINÉ (statut du document non revérifié ligne par ligne)","NON VALIDÉ (aucune liaison test trouvée par l'heuristique)","docs/CAHIER_DES_CHARGES.md:444","revérifier dans le code puis exécuter les tests liés"
"REQ-0125","4.2.6","4","PARTIE 4 — Multi-LLM & Embeddings — ✅ (18/18)","445","Abstraction Embeddings | ✅ Voir détails ci-dessous | ","fonctionnalité (ligne d'inventaire)","non spécifiée","FAIT","","api/services/embedding_providers.py","","NON DÉTERMINÉ (statut du document non revérifié ligne par ligne)","NON VALIDÉ (aucune liaison test trouvée par l'heuristique)","docs/CAHIER_DES_CHARGES.md:445","revérifier dans le code puis exécuter les tests liés"
"REQ-0126","4.3.1","4","PARTIE 4 — Multi-LLM & Embeddings — ✅ (18/18)","467","Choix du modèle par organisation | ✅ Voir détails ci-dessous | ","fonctionnalité (ligne d'inventaire)","non spécifiée","FAIT","","api/config.py;api/security/organization_settings.py;api/services/agent_models.py;api/services/agent_orchestrator.py;api/services/llm_config.py","tests/test_llm_config.py","NON DÉTERMINÉ (statut du document non revérifié ligne par ligne)","TEST PRÉSENT MAIS NON EXÉCUTÉ (liaison heuristique)","docs/CAHIER_DES_CHARGES.md:467","revérifier dans le code puis exécuter les tests liés"
"REQ-0127","4.3.2","4","PARTIE 4 — Multi-LLM & Embeddings — ✅ (18/18)","468","Temperature configurable | ✅ Voir détails ci-dessous | ","fonctionnalité (ligne d'inventaire)","non spécifiée","FAIT","","","","NON DÉTERMINÉ (statut du document non revérifié ligne par ligne)","NON VALIDÉ (aucune liaison test trouvée par l'heuristique)","docs/CAHIER_DES_CHARGES.md:468","revérifier dans le code puis exécuter les tests liés"
"REQ-0128","4.3.3","4","PARTIE 4 — Multi-LLM & Embeddings — ✅ (18/18)","469","Top P configurable | ✅ Voir détails ci-dessous | ","fonctionnalité (ligne d'inventaire)","non spécifiée","FAIT","","api/schemas/organization_settings.py;api/security/organization_settings.py","tests/test_organization_settings.py","NON DÉTERMINÉ (statut du document non revérifié ligne par ligne)","TEST PRÉSENT MAIS NON EXÉCUTÉ (liaison heuristique)","docs/CAHIER_DES_CHARGES.md:469","revérifier dans le code puis exécuter les tests liés"
"REQ-0129","4.3.4","4","PARTIE 4 — Multi-LLM & Embeddings — ✅ (18/18)","470","System prompt custom | ✅ Voir détails ci-dessous | ","fonctionnalité (ligne d'inventaire)","non spécifiée","FAIT","","api/services/agent_prompts.py","","NON DÉTERMINÉ (statut du document non revérifié ligne par ligne)","NON VALIDÉ (aucune liaison test trouvée par l'heuristique)","docs/CAHIER_DES_CHARGES.md:470","revérifier dans le code puis exécuter les tests liés"
"REQ-0130","4.3.5","4","PARTIE 4 — Multi-LLM & Embeddings — ✅ (18/18)","471","Max tokens configurable | ✅ Voir détails ci-dessous | ","fonctionnalité (ligne d'inventaire)","non spécifiée","FAIT","","api/schemas/organization_settings.py","tests/test_organization_settings.py","NON DÉTERMINÉ (statut du document non revérifié ligne par ligne)","TEST PRÉSENT MAIS NON EXÉCUTÉ (liaison heuristique)","docs/CAHIER_DES_CHARGES.md:471","revérifier dans le code puis exécuter les tests liés"
"REQ-0131","10.1.1","10","PARTIE 10 — Sécurité & Governance — 🟡 PARTIEL (~10/49)","2263","JWT | ✅ | ","fonctionnalité (ligne d'inventaire)","non spécifiée","FAIT","","","","NON DÉTERMINÉ (statut du document non revérifié ligne par ligne)","NON VALIDÉ (aucune liaison test trouvée par l'heuristique)","docs/CAHIER_DES_CHARGES.md:2263","revérifier dans le code puis exécuter les tests liés"
"REQ-0132","10.1.2","10","PARTIE 10 — Sécurité & Governance — 🟡 PARTIEL (~10/49)","2264","Refresh tokens | ✅ | ","fonctionnalité (ligne d'inventaire)","non spécifiée","FAIT","","","","NON DÉTERMINÉ (statut du document non revérifié ligne par ligne)","NON VALIDÉ (aucune liaison test trouvée par l'heuristique)","docs/CAHIER_DES_CHARGES.md:2264","revérifier dans le code puis exécuter les tests liés"
"REQ-0133","10.1.3","10","PARTIE 10 — Sécurité & Governance — 🟡 PARTIEL (~10/49)","2265","OAuth | ✅ | ","fonctionnalité (ligne d'inventaire)","non spécifiée","FAIT","","","","NON DÉTERMINÉ (statut du document non revérifié ligne par ligne)","NON VALIDÉ (aucune liaison test trouvée par l'heuristique)","docs/CAHIER_DES_CHARGES.md:2265","revérifier dans le code puis exécuter les tests liés"
"REQ-0134","10.1.4","10","PARTIE 10 — Sécurité & Governance — 🟡 PARTIEL (~10/49)","2266","RBAC | 🟡 (hiérarchie fixe voir 1.2.7 ; rôles personnalisés + permissions granulaires réels ajoutés, voir le sous-lot ci-dessous) | ","fonctionnalité (ligne d'inventaire)","non spécifiée","PARTIEL","","","","NON DÉTERMINÉ (statut du document non revérifié ligne par ligne)","NON VALIDÉ (aucune liaison test trouvée par l'heuristique)","docs/CAHIER_DES_CHARGES.md:2266","revérifier dans le code puis exécuter les tests liés"
"REQ-0135","10.1.5","10","PARTIE 10 — Sécurité & Governance — 🟡 PARTIEL (~10/49)","2267","Rate limiting | ✅ (+ géo-adaptatif, IP de confiance) | ","fonctionnalité (ligne d'inventaire)","non spécifiée","FAIT","","","","NON DÉTERMINÉ (statut du document non revérifié ligne par ligne)","NON VALIDÉ (aucune liaison test trouvée par l'heuristique)","docs/CAHIER_DES_CHARGES.md:2267","revérifier dans le code puis exécuter les tests liés"
"REQ-0136","10.1.6","10","PARTIE 10 — Sécurité & Governance — 🟡 PARTIEL (~10/49)","2268","Request validation | ✅ (Pydantic partout) | ","fonctionnalité (ligne d'inventaire)","non spécifiée","FAIT","","","","NON DÉTERMINÉ (statut du document non revérifié ligne par ligne)","NON VALIDÉ (aucune liaison test trouvée par l'heuristique)","docs/CAHIER_DES_CHARGES.md:2268","revérifier dans le code puis exécuter les tests liés"
"REQ-0137","10.1.7","10","PARTIE 10 — Sécurité & Governance — 🟡 PARTIEL (~10/49)","2269","Input sanitization | 🟡 | ","fonctionnalité (ligne d'inventaire)","non spécifiée","PARTIEL","","","","NON DÉTERMINÉ (statut du document non revérifié ligne par ligne)","NON VALIDÉ (aucune liaison test trouvée par l'heuristique)","docs/CAHIER_DES_CHARGES.md:2269","revérifier dans le code puis exécuter les tests liés"
"REQ-0138","10.1.8","10","PARTIE 10 — Sécurité & Governance — 🟡 PARTIEL (~10/49)","2270","Prompt injection protection | 🟡 (écrit, pas intégré en filtre live) | ","fonctionnalité (ligne d'inventaire)","non spécifiée","PARTIEL","","","","NON DÉTERMINÉ (statut du document non revérifié ligne par ligne)","NON VALIDÉ (aucune liaison test trouvée par l'heuristique)","docs/CAHIER_DES_CHARGES.md:2270","revérifier dans le code puis exécuter les tests liés"
"REQ-0139","10.1.9","10","PARTIE 10 — Sécurité & Governance — 🟡 PARTIEL (~10/49)","2271","SSRF protection | ✅ Protection des accès HTTP externes vérifiée dans les clients SSRF-safe utilisés par les imports (dont `api/tools/url_reader.py`). | ","fonctionnalité (ligne d'inventaire)","non spécifiée","FAIT","","","","NON DÉTERMINÉ (statut du document non revérifié ligne par ligne)","NON VALIDÉ (aucune liaison test trouvée par l'heuristique)","docs/CAHIER_DES_CHARGES.md:2271","revérifier dans le code puis exécuter les tests liés"
"REQ-0140","10.1.10","10","PARTIE 10 — Sécurité & Governance — 🟡 PARTIEL (~10/49)","2272","File validation | ✅ | ","fonctionnalité (ligne d'inventaire)","non spécifiée","FAIT","","","","NON DÉTERMINÉ (statut du document non revérifié ligne par ligne)","NON VALIDÉ (aucune liaison test trouvée par l'heuristique)","docs/CAHIER_DES_CHARGES.md:2272","revérifier dans le code puis exécuter les tests liés"
"REQ-0141","10.1.11","10","PARTIE 10 — Sécurité & Governance — 🟡 PARTIEL (~10/49)","2273","MIME validation | ✅ (vérification magic-bytes) | ","fonctionnalité (ligne d'inventaire)","non spécifiée","FAIT","","","","NON DÉTERMINÉ (statut du document non revérifié ligne par ligne)","NON VALIDÉ (aucune liaison test trouvée par l'heuristique)","docs/CAHIER_DES_CHARGES.md:2273","revérifier dans le code puis exécuter les tests liés"
"REQ-0142","10.1.12","10","PARTIE 10 — Sécurité & Governance — 🟡 PARTIEL (~10/49)","2274","Malware scanning (ClamAV) | ⬜ | ","fonctionnalité (ligne d'inventaire)","non spécifiée","NON COMMENCÉ","","","","ABSENTE selon le document (non revérifié)","NON VALIDÉ (aucune liaison test trouvée par l'heuristique)","docs/CAHIER_DES_CHARGES.md:2274","revérifier dans le code puis exécuter les tests liés"
"REQ-0143","10.1.13","10","PARTIE 10 — Sécurité & Governance — 🟡 PARTIEL (~10/49)","2275","Secret management | 🟡 (.env pour la clé maîtresse ; pas de KMS/Vault réel dans cet environnement -- voir le sous-lot ci-dessous) | ","fonctionnalité (ligne d'inventaire)","non spécifiée","PARTIEL","","","","NON DÉTERMINÉ (statut du document non revérifié ligne par ligne)","NON VALIDÉ (aucune liaison test trouvée par l'heuristique)","docs/CAHIER_DES_CHARGES.md:2275","revérifier dans le code puis exécuter les tests liés"
"REQ-0144","10.1.14","10","PARTIE 10 — Sécurité & Governance — 🟡 PARTIEL (~10/49)","2276","Encryption at rest | 🟡 (réel, applicatif : AES-256-GCM ajouté pour `Webhook.secret` + Fernet déjà existant pour les clés JWT/SSO -- voir le sous-lot ci-dessous) | ","fonctionnalité (ligne d'inventaire)","non spécifiée","PARTIEL","","","","NON DÉTERMINÉ (statut du document non revérifié ligne par ligne)","NON VALIDÉ (aucune liaison test trouvée par l'heuristique)","docs/CAHIER_DES_CHARGES.md:2276","revérifier dans le code puis exécuter les tests liés"
"REQ-0145","10.1.15","10","PARTIE 10 — Sécurité & Governance — 🟡 PARTIEL (~10/49)","2277","Encryption in transit | ✅ (HTTPS, voir guide de déploiement) | ","fonctionnalité (ligne d'inventaire)","non spécifiée","FAIT","","","","NON DÉTERMINÉ (statut du document non revérifié ligne par ligne)","NON VALIDÉ (aucune liaison test trouvée par l'heuristique)","docs/CAHIER_DES_CHARGES.md:2277","revérifier dans le code puis exécuter les tests liés"
"REQ-0146","10.3.1","10","PARTIE 10 — Sécurité & Governance — 🟡 PARTIEL (~10/49)","2288","Audit log (actions admin) | ✅ (log inviolable HMAC, Catégorie 2 ; étendu avec organization_id/resource_type/resource_id + nouveaux types d'action réels -- voir le sous-lot ci-dessous) | ","fonctionnalité (ligne d'inventaire)","non spécifiée","FAIT","","","","NON DÉTERMINÉ (statut du document non revérifié ligne par ligne)","NON VALIDÉ (aucune liaison test trouvée par l'heuristique)","docs/CAHIER_DES_CHARGES.md:2288","revérifier dans le code puis exécuter les tests liés"
"REQ-0147","10.3.2","10","PARTIE 10 — Sécurité & Governance — 🟡 PARTIEL (~10/49)","2289","Structured logging | 🟡 | ","fonctionnalité (ligne d'inventaire)","non spécifiée","PARTIEL","","","","NON DÉTERMINÉ (statut du document non revérifié ligne par ligne)","NON VALIDÉ (aucune liaison test trouvée par l'heuristique)","docs/CAHIER_DES_CHARGES.md:2289","revérifier dans le code puis exécuter les tests liés"
"REQ-0148","10.3.9","10","PARTIE 10 — Sécurité & Governance — 🟡 PARTIEL (~10/49)","2292","Error tracking (Sentry) | ✅ `sentry_sdk` est initialisé quand `SENTRY_DSN` est configuré, avec intégrations FastAPI/Starlette/Celery et PII désactivée. | ","fonctionnalité (ligne d'inventaire)","non spécifiée","FAIT","","","","NON DÉTERMINÉ (statut du document non revérifié ligne par ligne)","NON VALIDÉ (aucune liaison test trouvée par l'heuristique)","docs/CAHIER_DES_CHARGES.md:2292","revérifier dans le code puis exécuter les tests liés"
"REQ-0149","10.4.1","10","PARTIE 10 — Sécurité & Governance — 🟡 PARTIEL (~10/49)","2299","SSO | ✅ (OIDC générique, Catégorie 4 item 27) | ","fonctionnalité (ligne d'inventaire)","non spécifiée","FAIT","","","","NON DÉTERMINÉ (statut du document non revérifié ligne par ligne)","NON VALIDÉ (aucune liaison test trouvée par l'heuristique)","docs/CAHIER_DES_CHARGES.md:2299","revérifier dans le code puis exécuter les tests liés"
"REQ-0150","10.4.2","10","PARTIE 10 — Sécurité & Governance — 🟡 PARTIEL (~10/49)","2300","SAML | ⬜ (choix documenté : OIDC à la place) | ","fonctionnalité (ligne d'inventaire)","non spécifiée","NON COMMENCÉ","","","","ABSENTE selon le document (non revérifié)","NON VALIDÉ (aucune liaison test trouvée par l'heuristique)","docs/CAHIER_DES_CHARGES.md:2300","revérifier dans le code puis exécuter les tests liés"
